date,con_closing,act_closing,con_settlement,act_settlement,turnover,transaction,inventory,act_invent,con_invent
2018-12-28 00:00:00,342.0,379.1,380.1,377.9,491082.0,18562262.36,59774.0,43220.0,5026.0
2019-01-02 00:00:00,367.5,370.9,371.2,374.6,159002.0,5957637.26,59346.0,47524.0,3034.0
2019-01-03 00:00:00,379.8,385.4,379.3,384.3,624810.0,24014042.34,56222.0,44910.0,2804.0
2019-01-04 00:00:00,393.5,398.0,388.2,393.9,673184.0,26517113.72,58258.0,46186.0,1908.0
2019-01-07 00:00:00,404.8,407.5,402.9,405.9,712956.0,28943647.78,58324.0,46310.0,1198.0
2019-01-08 00:00:00,402.8,405.5,405.0,409.1,607378.0,24850994.68,58394.0,46406.0,930.0
2019-01-09 00:00:00,417.0,416.3,410.4,412.2,564372.0,23265038.34,56974.0,45180.0,474.0
2019-01-10 00:00:00,422.0,421.5,421.8,422.3,647214.0,27335883.78,55086.0,43364.0,376.0
2019-01-11 00:00:00,426.5,426.9,423.6,423.7,515544.0,21850166.84,60692.0,48972.0,196.0
2019-01-14 00:00:00,408.2,414.8,415.6,419.7,615090.0,25822001.42,61780.0,49450.0,180.0
2019-01-15 00:00:00,412.0,416.3,407.1,416.2,512772.0,21347772.06,65264.0,52220.0,172.0
2019-01-16 00:00:00,419.9,422.9,415.9,419.0,473148.0,19829079.22,65186.0,51958.0,104.0
2019-01-17 00:00:00,423.3,425.2,417.6,422.1,554926.0,23427374.6,63024.0,48976.0,84.0
2019-01-18 00:00:00,422.1,432.0,422.1,424.8,523136.0,22230171.08,63552.0,48930.0,84.0
2019-01-21 00:00:00,422.1,438.8,422.1,435.9,551684.0,24052349.08,65750.0,50558.0,84.0
2019-01-22 00:00:00,422.1,434.5,422.1,438.5,364288.0,15975673.66,65096.0,49238.0,84.0
2019-01-23 00:00:00,426.0,432.4,421.5,428.4,462394.0,19813532.36,63920.0,48142.0,84.0
2019-01-24 00:00:00,421.5,425.7,421.5,428.7,539394.0,23129040.8,64388.0,48488.0,84.0
2019-01-25 00:00:00,421.5,430.8,421.5,427.3,507842.0,21704095.9,63920.0,48172.0,84.0
2019-01-28 00:00:00,422.0,422.0,427.5,427.5,410614.0,17558207.94,67948.0,50116.0,50116.0
2019-01-29 00:00:00,418.5,418.5,418.2,418.2,388300.0,16243801.2,69356.0,48580.0,48580.0
2019-01-30 00:00:00,425.1,425.1,425.0,425.0,378632.0,16091459.4,65872.0,44332.0,44332.0
2019-01-31 00:00:00,431.6,431.6,431.0,431.0,330522.0,14247221.72,65252.0,42048.0,42048.0
2019-02-01 00:00:00,423.2,423.2,430.9,430.9,331560.0,14282607.82,59006.0,34014.0,34014.0
2019-02-11 00:00:00,429.6,429.6,427.9,427.9,85392.0,3655572.5,57296.0,32460.0,32460.0
2019-02-12 00:00:00,427.4,427.4,428.5,428.5,259440.0,11125700.94,59924.0,31828.0,31828.0
2019-02-13 00:00:00,432.5,432.5,433.7,433.7,352338.0,15296652.42,67694.0,33180.0,33180.0
2019-02-14 00:00:00,441.8,441.8,435.8,435.8,336210.0,14688770.08,75422.0,34344.0,34344.0
2019-02-15 00:00:00,444.3,444.3,440.5,440.5,356950.0,15766250.62,73444.0,29098.0,29098.0
2019-02-18 00:00:00,453.0,461.1,449.8,457.7,352932.0,16029095.7,68868.0,41730.0,15304.0
2019-02-19 00:00:00,455.0,461.2,452.2,459.3,182950.0,8400529.2,71822.0,46850.0,12830.0
2019-02-20 00:00:00,448.1,456.4,454.3,457.1,260036.0,11886646.64,66692.0,45150.0,8700.0
2019-02-21 00:00:00,450.1,457.3,447.2,456.8,301242.0,13758842.96,65182.0,47000.0,5400.0
2019-02-22 00:00:00,447.1,456.8,447.0,454.5,245876.0,11178600.56,64988.0,47084.0,5338.0
2019-02-25 00:00:00,441.2,449.0,446.9,454.6,287226.0,13057905.56,63064.0,47640.0,3838.0
2019-02-26 00:00:00,425.6,433.1,425.4,435.9,342920.0,14955954.4,63060.0,46346.0,3748.0
2019-02-27 00:00:00,431.3,438.3,429.3,436.4,263372.0,11498820.12,59668.0,42476.0,3600.0
2019-02-28 00:00:00,430.0,439.7,428.3,441.5,273472.0,12079943.42,63864.0,43972.0,3586.0
2019-03-01 00:00:00,449.3,449.3,443.2,443.2,254822.0,11300387.5,58790.0,42116.0,42116.0
2019-03-04 00:00:00,436.1,436.1,439.3,439.3,355274.0,15612352.04,63108.0,43662.0,43662.0
2019-03-05 00:00:00,434.5,434.5,439.0,439.0,270064.0,11859221.56,69542.0,45128.0,45128.0
2019-03-06 00:00:00,438.6,438.6,434.2,434.2,352178.0,15298208.3,67838.0,40326.0,40326.0
2019-03-07 00:00:00,440.0,440.0,439.4,439.4,381636.0,16778918.5,64884.0,38266.0,38266.0
2019-03-08 00:00:00,437.0,437.0,440.2,440.2,303158.0,13353570.08,61958.0,36664.0,36664.0
2019-03-11 00:00:00,439.7,439.7,432.1,432.1,312132.0,13499785.32,61734.0,35130.0,35130.0
2019-03-12 00:00:00,444.2,444.2,444.7,444.7,322946.0,14380940.08,66386.0,36480.0,36480.0
2019-03-13 00:00:00,445.5,445.5,444.4,444.4,257518.0,11456237.58,62884.0,32498.0,32498.0
2019-03-14 00:00:00,452.7,452.7,450.0,450.0,293588.0,13227294.84,65444.0,32812.0,32812.0
2019-03-15 00:00:00,455.0,455.0,452.2,452.2,297038.0,13441018.12,62718.0,26774.0,26774.0
2019-03-18 00:00:00,452.8,451.2,448.9,448.5,281272.0,12625884.22,60932.0,34596.0,21412.0
2019-03-19 00:00:00,468.2,457.3,460.1,455.5,243100.0,11121466.1,57412.0,41768.0,9874.0
2019-03-20 00:00:00,465.5,457.5,464.5,455.3,230884.0,10515982.76,56564.0,42176.0,8448.0
2019-03-21 00:00:00,472.5,463.9,467.1,459.4,316322.0,14534088.48,62966.0,48976.0,7358.0
2019-03-22 00:00:00,467.3,460.9,471.2,460.8,261114.0,12036997.32,55604.0,44852.0,4354.0
2019-03-25 00:00:00,454.0,450.2,462.0,451.8,299624.0,13537943.14,49838.0,40322.0,3226.0
2019-03-26 00:00:00,455.2,454.8,459.0,453.3,244938.0,11102955.98,48928.0,37118.0,3192.0
2019-03-27 00:00:00,459.3,458.8,457.6,458.9,221256.0,10153535.4,53396.0,38798.0,3148.0
2019-03-28 00:00:00,458.0,453.2,459.0,456.9,296536.0,13548296.68,55044.0,40172.0,2532.0
2019-03-29 00:00:00,464.1,457.9,455.2,452.8,308818.0,13984008.62,51900.0,36078.0,2526.0
2019-04-01 00:00:00,461.1,461.1,459.3,459.3,250876.0,11524496.34,47664.0,33716.0,33716.0
2019-04-02 00:00:00,470.2,470.2,466.5,466.5,323910.0,15111100.1,54994.0,39900.0,39900.0
2019-04-03 00:00:00,472.4,472.4,471.3,471.3,265576.0,12517105.12,58308.0,42392.0,42392.0
2019-04-04 00:00:00,469.0,469.0,469.7,469.7,294890.0,13850706.24,56038.0,39220.0,39220.0
2019-04-08 00:00:00,476.1,476.1,477.9,477.9,96292.0,4601772.14,59190.0,39960.0,39960.0
2019-04-09 00:00:00,478.2,478.2,478.9,478.9,287292.0,13759303.84,61826.0,39856.0,39856.0
2019-04-10 00:00:00,475.7,475.7,475.7,475.7,281310.0,13383456.22,60728.0,37900.0,37900.0
2019-04-11 00:00:00,480.1,480.1,479.4,479.4,271776.0,13030212.58,62110.0,37354.0,37354.0
2019-04-12 00:00:00,475.2,475.2,476.5,476.5,268318.0,12785825.06,59762.0,32954.0,32954.0
2019-04-15 00:00:00,471.8,471.8,473.8,473.8,277844.0,13165227.4,60830.0,30204.0,30204.0
2019-04-16 00:00:00,465.6,465.6,468.3,468.3,296718.0,13909657.08,60604.0,26174.0,26174.0
2019-04-17 00:00:00,472.1,476.3,469.7,473.4,266678.0,12548679.56,58976.0,36372.0,20142.0
2019-04-18 00:00:00,474.7,472.6,471.7,474.0,299028.0,14146190.72,54654.0,43902.0,8166.0
2019-04-19 00:00:00,476.7,475.9,473.5,474.5,191260.0,9076492.96,56798.0,47534.0,6558.0
2019-04-22 00:00:00,487.0,490.2,482.5,486.2,227722.0,11072852.16,58860.0,50252.0,5786.0
2019-04-23 00:00:00,494.2,498.3,488.9,493.5,262646.0,12961892.2,60780.0,52238.0,5510.0
2019-04-24 00:00:00,491.0,497.0,492.3,497.8,251110.0,12500865.72,60116.0,51580.0,5370.0
2019-04-25 00:00:00,500.9,505.9,494.8,500.6,312570.0,15647994.0,59992.0,51094.0,5322.0
2019-04-26 00:00:00,494.5,498.0,495.9,503.6,245890.0,12382709.82,58018.0,47170.0,5194.0
2019-04-29 00:00:00,479.0,482.8,480.3,485.9,416782.0,20254046.12,52822.0,40358.0,5094.0
2019-04-30 00:00:00,498.9,487.6,482.4,485.3,249340.0,12100526.8,50066.0,36922.0,5006.0
2019-05-06 00:00:00,472.0,472.0,471.7,471.7,105634.0,4981848.98,43938.0,34552.0,34552.0
2019-05-07 00:00:00,485.2,485.2,482.5,482.5,271720.0,13110084.16,46336.0,34914.0,34914.0
2019-05-08 00:00:00,482.3,482.3,479.4,479.4,321662.0,15421466.24,47182.0,33732.0,33732.0
2019-05-09 00:00:00,481.7,481.7,482.1,482.1,336392.0,16216094.06,48346.0,33014.0,33014.0
2019-05-10 00:00:00,487.7,487.7,485.5,485.5,349696.0,16975848.32,48752.0,31760.0,31760.0
2019-05-13 00:00:00,496.8,496.8,490.8,490.8,278530.0,13670443.36,54386.0,33738.0,33738.0
2019-05-14 00:00:00,496.3,496.3,499.8,499.8,420658.0,21023097.42,56724.0,32438.0,32438.0
2019-05-15 00:00:00,500.9,500.9,500.9,500.9,276524.0,13844834.52,59262.0,33672.0,33672.0
2019-05-16 00:00:00,506.5,506.5,504.6,504.6,299574.0,15114636.2,60752.0,31598.0,31598.0
2019-05-17 00:00:00,512.0,512.0,511.7,511.7,299332.0,15308507.84,58636.0,27884.0,27884.0
2019-05-20 00:00:00,520.5,520.5,513.5,513.5,285338.0,14647106.3,61652.0,24694.0,24694.0
2019-05-21 00:00:00,509.6,508.9,508.4,509.1,347964.0,17705021.66,50146.0,35278.0,8864.0
2019-05-22 00:00:00,499.0,504.7,506.2,506.6,229690.0,11635888.28,52374.0,38154.0,7898.0
2019-05-23 00:00:00,491.0,493.0,496.7,498.5,265088.0,13215486.72,53016.0,38786.0,7678.0
2019-05-24 00:00:00,468.3,472.5,470.2,472.4,424224.0,20039290.96,48848.0,35930.0,6308.0
2019-05-27 00:00:00,470.2,469.7,470.8,470.7,339772.0,15994600.2,49482.0,32662.0,6236.0
2019-05-28 00:00:00,462.1,476.9,471.6,475.1,241964.0,11495924.36,51242.0,32918.0,6176.0
2019-05-29 00:00:00,469.7,473.8,471.8,475.7,272816.0,12977081.86,54024.0,33670.0,6166.0
2019-05-30 00:00:00,470.0,476.1,468.7,471.6,341834.0,16120232.9,55004.0,32384.0,5784.0
2019-05-31 00:00:00,450.0,447.7,450.0,462.0,403424.0,18629280.22,61420.0,33298.0,5624.0
2019-06-03 00:00:00,429.6,429.6,439.0,439.0,335880.0,14740111.32,57218.0,32942.0,32942.0
2019-06-04 00:00:00,422.5,422.5,427.2,427.2,378474.0,16173527.22,60596.0,34888.0,34888.0
2019-06-05 00:00:00,425.0,425.0,425.2,425.2,397726.0,16916398.74,62766.0,35354.0,35354.0
2019-06-06 00:00:00,416.2,416.2,417.6,417.6,454658.0,18992288.38,60950.0,33388.0,33388.0
2019-06-10 00:00:00,434.8,434.8,434.2,434.2,103692.0,4504427.78,60952.0,32728.0,32728.0
2019-06-11 00:00:00,431.0,431.0,430.3,430.3,382962.0,16483632.96,61538.0,32934.0,32934.0
2019-06-12 00:00:00,423.0,423.0,427.3,427.3,334016.0,14277642.68,62820.0,32692.0,32692.0
2019-06-13 00:00:00,427.7,427.7,422.0,422.0,454100.0,19173560.4,64902.0,31752.0,31752.0
2019-06-14 00:00:00,425.7,425.7,426.3,426.3,382550.0,16313223.22,64432.0,29220.0,29220.0
2019-06-17 00:00:00,426.0,426.0,427.4,427.4,319928.0,13678273.56,69042.0,23762.0,23762.0
2019-06-18 00:00:00,408.1,413.5,420.4,419.9,335166.0,14080106.74,65632.0,47994.0,7768.0
2019-06-19 00:00:00,419.6,424.8,418.1,425.2,405320.0,17234279.3,64728.0,47896.0,6662.0
2019-06-20 00:00:00,425.8,433.0,420.2,425.7,485722.0,20680357.26,65974.0,50544.0,4334.0
2019-06-21 00:00:00,431.9,439.5,427.7,438.2,456030.0,19983291.02,61136.0,46746.0,2260.0
2019-06-24 00:00:00,441.0,447.6,437.9,445.1,332232.0,14788399.64,60200.0,46530.0,1762.0
2019-06-25 00:00:00,432.0,440.0,432.6,441.1,377498.0,16652938.9,57028.0,42486.0,1696.0
2019-06-26 00:00:00,442.2,450.1,434.7,445.0,364590.0,16223958.42,59064.0,40604.0,1282.0
2019-06-27 00:00:00,441.4,447.9,438.7,451.0,380936.0,17177589.3,60150.0,38740.0,1272.0
2019-06-28 00:00:00,441.4,443.5,441.3,448.1,292528.0,13109362.62,59050.0,36602.0,892.0
2019-07-01 00:00:00,451.6,451.6,447.1,447.1,326404.0,14598603.72,59170.0,35960.0,35960.0
2019-07-02 00:00:00,444.2,444.2,443.0,443.0,394020.0,17459634.38,60506.0,35584.0,35584.0
2019-07-03 00:00:00,427.7,427.7,432.0,432.0,459524.0,19863811.42,67080.0,37454.0,37454.0
2019-07-04 00:00:00,430.4,430.4,431.1,431.1,396744.0,17113289.72,60264.0,32044.0,32044.0
2019-07-05 00:00:00,432.1,432.1,431.3,431.3,215908.0,9317378.92,58492.0,30448.0,30448.0
2019-07-08 00:00:00,441.7,441.7,438.0,438.0,314914.0,13799427.34,59444.0,31084.0,31084.0
2019-07-09 00:00:00,441.3,441.3,444.3,444.3,319390.0,14193229.02,60622.0,30482.0,30482.0
2019-07-10 00:00:00,443.8,443.8,441.6,441.6,268700.0,11871250.38,60882.0,30156.0,30156.0
2019-07-11 00:00:00,461.6,461.6,454.3,454.3,354600.0,16113607.26,68170.0,33338.0,33338.0
2019-07-12 00:00:00,458.2,458.2,458.2,458.2,269358.0,12346314.0,65878.0,31092.0,31092.0
2019-07-15 00:00:00,454.5,454.5,454.9,454.9,237366.0,10801764.88,64168.0,29374.0,29374.0
2019-07-16 00:00:00,451.6,454.9,454.1,455.8,303512.0,13789214.9,65704.0,33636.0,27498.0
2019-07-17 00:00:00,436.2,441.5,445.4,448.4,320052.0,14274410.5,68674.0,37294.0,26012.0
2019-07-18 00:00:00,430.5,437.0,435.0,440.1,334754.0,14610038.08,70580.0,41650.0,23120.0
2019-07-19 00:00:00,425.9,431.4,422.3,428.7,409702.0,17493982.22,71180.0,50872.0,13994.0
2019-07-22 00:00:00,426.5,434.7,423.0,429.3,295472.0,12686579.8,68578.0,49196.0,13182.0
2019-07-23 00:00:00,430.9,436.8,414.2,433.8,225270.0,9769206.6,68548.0,50154.0,11714.0
2019-07-24 00:00:00,432.0,440.5,431.0,436.7,235528.0,10285962.22,61060.0,44556.0,9592.0
2019-07-25 00:00:00,433.6,440.6,432.0,441.4,314226.0,13866618.58,56502.0,42984.0,5600.0
2019-07-26 00:00:00,436.0,444.2,433.7,442.5,232220.0,10273613.48,52640.0,38304.0,3094.0
2019-07-29 00:00:00,434.0,439.2,433.5,441.5,228526.0,10091098.42,57652.0,37360.0,2900.0
2019-07-30 00:00:00,436.0,444.1,432.3,440.8,241950.0,10668728.5,57974.0,35642.0,1792.0
2019-07-31 00:00:00,440.0,446.4,442.6,444.3,217040.0,9648076.68,55830.0,31578.0,1786.0
2019-08-01 00:00:00,442.9,442.9,444.6,444.6,260722.0,11596821.9,54780.0,30250.0,30250.0
2019-08-02 00:00:00,428.4,428.4,431.5,431.5,356114.0,15374957.42,60320.0,32756.0,32756.0
2019-08-05 00:00:00,433.0,433.0,433.4,433.4,320744.0,13907524.18,60018.0,31020.0,31020.0
2019-08-06 00:00:00,430.5,430.5,429.5,429.5,289048.0,12420598.52,58904.0,30482.0,30482.0
2019-08-07 00:00:00,419.1,419.1,423.7,423.7,235054.0,9963634.24,62966.0,33308.0,33308.0
2019-08-08 00:00:00,413.5,413.5,408.1,408.1,440204.0,17975214.3,64912.0,31434.0,31434.0
2019-08-09 00:00:00,412.2,412.2,409.7,409.7,248454.0,10179597.02,64930.0,31490.0,31490.0
2019-08-12 00:00:00,417.9,417.9,419.2,419.2,267286.0,11203655.22,62682.0,28580.0,28580.0
2019-08-13 00:00:00,418.0,418.0,419.8,419.8,202654.0,8507289.68,63186.0,28450.0,28450.0
2019-08-14 00:00:00,431.6,431.6,428.8,428.8,324296.0,13902010.74,61578.0,25664.0,25664.0
2019-08-15 00:00:00,422.4,420.0,421.2,419.1,314078.0,13219525.16,63124.0,31426.0,24912.0
2019-08-16 00:00:00,424.6,418.0,418.1,414.8,294104.0,12276473.28,62458.0,32090.0,23412.0
2019-08-19 00:00:00,432.0,424.8,424.6,418.7,260228.0,11003519.92,61028.0,35164.0,18470.0
2019-08-20 00:00:00,431.4,427.0,432.6,425.4,246530.0,10541999.62,54450.0,40672.0,6272.0
2019-08-21 00:00:00,431.4,426.4,429.3,422.9,260436.0,11015035.5,50890.0,38510.0,5074.0
2019-08-22 00:00:00,430.0,425.7,431.5,428.4,259086.0,11101206.88,47858.0,37792.0,2540.0
2019-08-23 00:00:00,430.9,427.1,429.0,425.5,235350.0,10013896.88,48304.0,38052.0,2438.0
2019-08-26 00:00:00,422.5,422.1,423.3,420.9,330162.0,13898272.96,47468.0,35384.0,2240.0
2019-08-27 00:00:00,421.0,421.8,424.7,423.6,229816.0,9736277.18,46480.0,32202.0,2214.0
2019-08-28 00:00:00,428.0,427.3,421.6,423.2,226534.0,9587534.22,45454.0,30512.0,1548.0
2019-08-29 00:00:00,435.9,430.4,428.4,431.2,266538.0,11493243.28,43132.0,26992.0,1516.0
2019-08-30 00:00:00,420.0,439.5,419.5,435.3,275666.0,11999120.0,48514.0,29152.0,1490.0
2019-09-02 00:00:00,431.5,431.5,433.3,433.3,265704.0,11508785.48,45500.0,25884.0,25884.0
2019-09-03 00:00:00,429.6,429.6,429.7,429.7,177942.0,7644157.42,46096.0,25176.0,25176.0
2019-09-04 00:00:00,429.9,429.9,424.1,424.1,218972.0,9282387.22,48338.0,25286.0,25286.0
2019-09-05 00:00:00,439.0,439.0,438.4,438.4,251286.0,11004731.92,47504.0,22252.0,22252.0
2019-09-06 00:00:00,443.3,443.3,446.0,446.0,267428.0,11912840.34,47778.0,19978.0,19978.0
2019-09-09 00:00:00,450.5,445.0,442.4,437.1,265358.0,11714888.36,47844.0,23344.0,17420.0
2019-09-10 00:00:00,455.9,447.2,450.0,447.6,236492.0,10615056.96,45966.0,30600.0,7962.0
2019-09-11 00:00:00,458.0,448.9,461.4,450.4,242504.0,10927887.14,46404.0,33400.0,5794.0
2019-09-12 00:00:00,446.6,436.5,451.9,442.2,300600.0,13291618.12,46086.0,34164.0,5022.0
2019-09-16 00:00:00,485.1,470.3,487.0,474.4,121280.0,5747115.22,50698.0,37252.0,4740.0
2019-09-17 00:00:00,508.7,489.9,493.2,484.1,423730.0,20501179.86,51678.0,37906.0,4438.0
2019-09-18 00:00:00,484.2,470.6,493.1,473.6,506846.0,23992288.12,55484.0,40006.0,4204.0
2019-09-19 00:00:00,475.0,458.4,477.7,463.6,311658.0,14439380.36,58136.0,41740.0,4204.0
2019-09-20 00:00:00,440.0,463.9,440.0,464.1,245332.0,11379816.1,57162.0,40156.0,4204.0
2019-09-23 00:00:00,440.0,466.5,440.0,466.3,248078.0,11565556.5,55202.0,37938.0,4204.0
2019-09-24 00:00:00,462.0,462.0,464.2,464.2,211768.0,9827921.1,50670.0,37060.0,37060.0
2019-09-25 00:00:00,452.6,452.6,458.2,458.2,240052.0,10992939.5,48528.0,33806.0,33806.0
2019-09-26 00:00:00,450.5,450.5,449.3,449.3,254378.0,11423242.9,48466.0,31920.0,31920.0
2019-09-27 00:00:00,448.5,448.5,448.4,448.4,215626.0,9662099.86,46176.0,29108.0,29108.0
2019-09-30 00:00:00,447.0,447.0,447.9,447.9,210804.0,9433608.1,42328.0,23548.0,23548.0
2019-10-08 00:00:00,440.0,440.0,437.2,437.2,57100.0,2490146.98,50518.0,26974.0,26974.0
2019-10-09 00:00:00,449.3,449.3,445.3,445.3,305972.0,13594524.22,55158.0,25848.0,25848.0
2019-10-10 00:00:00,450.4,450.4,452.4,452.4,250128.0,11288943.14,58702.0,26134.0,26134.0
2019-10-11 00:00:00,467.2,460.2,458.5,451.8,278110.0,12715415.66,64156.0,31124.0,27024.0
2019-10-14 00:00:00,474.3,466.7,471.7,464.8,275904.0,12966313.92,63604.0,35342.0,22478.0
2019-10-15 00:00:00,463.7,455.9,466.8,459.4,202236.0,9396222.82,62142.0,35558.0,20866.0
2019-10-16 00:00:00,462.2,453.1,465.4,455.7,227472.0,10524824.0,62054.0,35786.0,20112.0
2019-10-17 00:00:00,444.0,444.1,452.2,448.5,249378.0,11244394.86,61284.0,37684.0,17118.0
2019-10-18 00:00:00,448.5,447.3,444.8,444.9,179370.0,7977371.44,59796.0,38636.0,14028.0
2019-10-21 00:00:00,441.4,446.1,444.5,446.3,173234.0,7724085.2,57450.0,42046.0,7936.0
2019-10-22 00:00:00,434.0,442.3,432.0,442.4,143662.0,6352813.44,55616.0,40604.0,7238.0
2019-10-23 00:00:00,438.2,443.6,438.8,444.7,172412.0,7665830.12,57222.0,41860.0,7132.0
2019-10-24 00:00:00,443.8,448.4,441.9,445.6,194694.0,8673944.18,56698.0,41548.0,6962.0
2019-10-25 00:00:00,446.9,451.7,446.0,452.6,157388.0,7120467.74,50230.0,35690.0,6368.0
2019-10-28 00:00:00,449.0,456.3,446.9,453.9,155962.0,7074246.36,49744.0,36304.0,4378.0
2019-10-29 00:00:00,447.5,454.9,484.8,456.4,147260.0,6723133.82,46216.0,32784.0,2722.0
2019-10-30 00:00:00,445.4,452.6,447.2,454.2,146766.0,6659206.7,46794.0,31892.0,852.0
2019-10-31 00:00:00,479.0,449.3,445.9,452.2,182808.0,8259744.54,48574.0,31168.0,606.0
2019-11-01 00:00:00,443.6,443.6,444.4,444.4,144106.0,6400488.52,49856.0,30498.0,30498.0
2019-11-04 00:00:00,450.2,450.2,449.1,449.1,156684.0,7032730.28,48260.0,28114.0,28114.0
2019-11-05 00:00:00,458.7,458.7,458.0,458.0,169902.0,7772143.74,50316.0,28532.0,28532.0
2019-11-06 00:00:00,458.0,458.0,459.6,459.6,129478.0,5946479.02,51378.0,28862.0,28862.0
2019-11-07 00:00:00,453.8,453.8,458.0,458.0,207428.0,9491834.42,53972.0,28510.0,28510.0
2019-11-08 00:00:00,451.6,451.6,456.1,456.1,172874.0,7880770.56,53476.0,27502.0,27502.0
2019-11-11 00:00:00,452.3,452.3,452.1,452.1,196566.0,8883343.92,51700.0,25400.0,25400.0
2019-11-12 00:00:00,457.2,457.2,455.6,455.6,171044.0,7790420.94,54538.0,26598.0,26598.0
2019-11-13 00:00:00,450.1,450.1,454.5,454.5,188844.0,8581736.2,56584.0,26372.0,26372.0
2019-11-14 00:00:00,455.6,455.6,452.8,452.8,187664.0,8500874.88,56472.0,24630.0,24630.0
2019-11-15 00:00:00,449.6,450.6,454.4,454.8,173558.0,7887612.44,55098.0,27950.0,22050.0
2019-11-18 00:00:00,455.4,455.8,452.4,452.4,200410.0,9066530.98,52508.0,29184.0,18196.0
2019-11-19 00:00:00,453.4,453.1,453.6,452.7,162074.0,7340639.34,48126.0,31192.0,11256.0
2019-11-20 00:00:00,446.4,443.3,451.5,447.6,170836.0,7645137.72,53270.0,35698.0,10982.0
2019-11-21 00:00:00,449.5,452.4,454.8,449.1,185218.0,8316764.86,48558.0,31362.0,10836.0
2019-11-22 00:00:00,453.8,458.9,449.9,456.7,177404.0,8099408.74,50208.0,34364.0,9486.0
2019-11-25 00:00:00,458.5,463.3,453.8,461.2,189710.0,8747448.02,49232.0,34596.0,7584.0
2019-11-26 00:00:00,456.0,460.2,456.4,461.2,174384.0,8039942.1,48332.0,32208.0,7524.0
2019-11-27 00:00:00,458.6,463.3,456.0,462.5,160744.0,7431540.5,47582.0,31740.0,5438.0
2019-11-28 00:00:00,458.4,461.8,457.5,462.1,157976.0,7297911.22,49644.0,32002.0,5398.0
2019-11-29 00:00:00,461.8,463.5,458.4,462.1,109690.0,5066696.54,49904.0,31870.0,4406.0
2019-12-02 00:00:00,451.5,451.5,456.1,456.1,230266.0,10491908.6,46932.0,28580.0,28580.0
2019-12-03 00:00:00,450.5,450.5,452.0,452.0,179868.0,8125322.32,47998.0,27036.0,27036.0
2019-12-04 00:00:00,448.7,448.7,448.5,448.5,190012.0,8516560.26,50234.0,27042.0,27042.0
2019-12-05 00:00:00,455.7,455.7,455.5,455.5,221586.0,10086945.02,48064.0,23168.0,23168.0
2019-12-06 00:00:00,458.0,458.0,458.2,458.2,194458.0,8907158.58,49042.0,21408.0,21408.0
2019-12-09 00:00:00,467.9,467.9,463.5,463.5,261316.0,12097557.7,54332.0,19802.0,19802.0
2019-12-10 00:00:00,470.2,466.7,468.0,466.1,183070.0,8546273.48,54058.0,33428.0,10202.0
2019-12-11 00:00:00,465.4,465.4,470.1,466.7,144882.0,6761346.84,54694.0,34704.0,9120.0
2019-12-12 00:00:00,460.0,466.4,465.2,464.1,184722.0,8572593.02,56130.0,36176.0,8700.0
2019-12-13 00:00:00,461.7,466.2,462.5,466.7,192496.0,8983431.58,55356.0,35280.0,8386.0
2019-12-16 00:00:00,482.0,470.9,468.8,470.1,232330.0,10920115.78,59336.0,38692.0,8168.0
2019-12-17 00:00:00,486.0,470.7,481.1,472.2,127972.0,6043288.22,58028.0,38370.0,6758.0
2019-12-18 00:00:00,474.6,473.6,493.7,474.8,161734.0,7678145.22,62136.0,39086.0,6684.0
2019-12-19 00:00:00,471.3,478.5,470.6,476.6,174314.0,8306392.62,65434.0,39930.0,6684.0
2019-12-20 00:00:00,474.0,480.2,467.0,479.6,128298.0,6151883.42,65948.0,41234.0,6684.0
2019-12-23 00:00:00,476.8,476.8,478.4,478.4,146136.0,6989632.62,56358.0,38200.0,38200.0
2019-12-24 00:00:00,480.4,480.4,478.8,478.8,101692.0,4867695.42,56460.0,37894.0,37894.0
2019-12-25 00:00:00,484.2,484.2,483.3,483.3,112394.0,5430748.76,57024.0,37548.0,37548.0
2019-12-26 00:00:00,484.8,484.8,484.2,484.2,57210.0,2767029.32,58220.0,34108.0,34108.0
2019-12-27 00:00:00,489.6,489.6,486.5,486.5,149270.0,7256796.3,66220.0,36890.0,36890.0
2019-12-30 00:00:00,489.3,489.3,490.1,490.1,172846.0,8465652.2,63462.0,30784.0,30784.0
2019-12-31 00:00:00,483.5,483.5,488.1,488.1,204318.0,9965062.38,58820.0,23718.0,23718.0
2020-01-02 00:00:00,482.5,482.5,481.8,481.8,17780.0,855846.74,28914.0,10614.0,10614.0
2020-01-03 00:00:00,499.7,499.0,487.1,488.3,134100.0,6536997.62,32687.0,17776.0,8153.0
2020-01-06 00:00:00,509.2,516.1,507.4,506.6,130964.0,6635332.3,32149.0,19223.0,4876.0
2020-01-07 00:00:00,494.9,502.2,500.6,507.3,98562.0,4995069.08,32563.0,19100.0,4538.0
2020-01-08 00:00:00,501.4,508.1,501.5,508.3,148965.0,7570141.67,33898.0,19722.0,4416.0
2020-01-09 00:00:00,474.7,481.5,481.9,492.4,158033.0,7776721.83,33357.0,18810.0,4403.0
2020-01-10 00:00:00,471.1,479.1,474.3,479.1,107157.0,5130339.49,31431.0,19346.0,1536.0
2020-01-13 00:00:00,468.6,476.9,467.4,477.8,88992.0,4249823.35,32208.0,19966.0,1471.0
2020-01-14 00:00:00,456.8,465.4,464.1,470.2,105550.0,4958391.23,34520.0,21279.0,1285.0
2020-01-15 00:00:00,455.6,463.3,458.0,466.8,78433.0,3658476.58,36794.0,22468.0,1210.0
2020-01-16 00:00:00,453.0,463.6,469.2,462.3,81765.0,3778176.22,36932.0,22523.0,1044.0
2020-01-17 00:00:00,464.0,464.0,465.4,465.4,79075.0,3676874.84,35486.0,21731.0,21731.0
2020-01-20 00:00:00,466.0,466.0,466.0,466.0,72308.0,3367306.82,33318.0,19687.0,19687.0
2020-01-21 00:00:00,460.9,460.9,463.8,463.8,54767.0,2537740.8,31319.0,17884.0,17884.0
2020-01-22 00:00:00,459.8,459.8,461.0,461.0,64521.0,2973037.24,29687.0,15726.0,15726.0
2020-01-23 00:00:00,447.2,447.2,451.7,451.7,78599.0,3547523.8,26952.0,12402.0,12402.0
2020-02-03 00:00:00,415.5,415.5,415.5,415.5,2520.0,104190.92,26760.0,11922.0,11922.0
2020-02-04 00:00:00,397.5,397.5,394.4,394.4,45192.0,1789367.83,28763.0,10778.0,10778.0
2020-02-05 00:00:00,395.8,399.0,396.4,399.7,39749.0,1585256.26,35393.0,15851.0,10196.0
2020-02-06 00:00:00,403.8,409.1,402.2,407.6,43998.0,1788074.65,41011.0,19862.0,9047.0
2020-02-07 00:00:00,398.0,404.9,398.5,404.7,32354.0,1306992.05,45454.0,22730.0,8308.0
2020-02-10 00:00:00,393.6,399.9,393.1,399.1,34920.0,1392728.73,50596.0,25819.0,7260.0
2020-02-11 00:00:00,390.3,397.8,391.5,398.2,43934.0,1748705.68,58227.0,29091.0,6392.0
2020-02-12 00:00:00,395.4,403.3,393.8,401.6,51163.0,2053332.34,63388.0,31630.0,5216.0
2020-02-13 00:00:00,398.5,406.1,400.1,407.6,46296.0,1885796.27,64222.0,31478.0,4811.0
2020-02-14 00:00:00,399.8,408.2,400.5,407.8,34064.0,1388580.92,63015.0,30635.0,4493.0
2020-02-17 00:00:00,402.1,410.4,401.7,409.7,33438.0,1371432.32,64325.0,30722.0,4269.0
2020-02-18 00:00:00,397.5,406.0,400.4,407.8,33843.0,1381186.19,64007.0,30619.0,3538.0
2020-02-19 00:00:00,405.9,413.5,399.6,411.4,45807.0,1887511.24,63833.0,30238.0,3027.0
2020-02-20 00:00:00,412.0,419.6,412.9,419.6,38582.0,1620897.16,61988.0,29527.0,1756.0
2020-02-21 00:00:00,409.8,415.4,411.8,416.6,32442.0,1353791.28,61970.0,29196.0,1542.0
2020-02-24 00:00:00,393.0,400.2,395.4,401.2,42750.0,1720956.4,60717.0,26779.0,1449.0
2020-02-25 00:00:00,391.4,399.3,389.8,397.4,44653.0,1782627.13,62637.0,25393.0,1391.0
2020-02-26 00:00:00,375.0,382.4,377.8,387.1,60008.0,2337245.56,66401.0,24390.0,1361.0
2020-02-27 00:00:00,359.5,374.9,361.3,375.3,74728.0,2783614.58,70053.0,28092.0,1350.0
2020-02-28 00:00:00,346.5,360.0,349.9,363.2,79377.0,2860400.94,70547.0,28975.0,1311.0
2020-03-02 00:00:00,361.8,367.9,358.6,365.8,117602.0,4266898.53,75405.0,34047.0,18725.0
2020-03-03 00:00:00,370.7,376.5,372.7,378.5,82251.0,3095586.89,72574.0,33111.0,16677.0
2020-03-04 00:00:00,367.7,375.1,368.7,375.4,61543.0,2297963.46,76109.0,35218.0,16149.0
2020-03-05 00:00:00,366.2,373.7,366.5,374.0,52918.0,1973776.82,81144.0,39377.0,14563.0
2020-03-06 00:00:00,350.0,357.3,352.5,359.7,91630.0,3294061.76,85278.0,41188.0,13665.0
2020-03-09 00:00:00,331.3,338.1,331.3,338.1,752.0,25757.13,85112.0,41059.0,13621.0
2020-03-10 00:00:00,301.4,307.6,301.4,307.6,6265.0,198634.26,86586.0,40535.0,13571.0
2020-03-11 00:00:00,268.7,275.0,276.8,284.7,237670.0,6815028.4,97437.0,41637.0,9253.0
2020-03-12 00:00:00,253.3,261.1,254.0,262.2,161548.0,4276025.78,102109.0,41269.0,8359.0
2020-03-13 00:00:00,260.0,267.1,253.2,260.5,152628.0,4024940.25,102948.0,39007.0,7237.0
2020-03-16 00:00:00,240.3,248.2,248.4,256.2,151216.0,3917587.71,104486.0,38875.0,6413.0
2020-03-17 00:00:00,240.1,246.5,239.5,246.7,150619.0,3761256.54,108830.0,38530.0,6226.0
2020-03-18 00:00:00,229.4,241.0,229.0,243.5,125350.0,3028963.27,111835.0,42860.0,5596.0
2020-03-19 00:00:00,220.8,236.2,214.0,228.7,190213.0,4325052.54,112165.0,42325.0,4770.0
2020-03-20 00:00:00,235.4,251.5,231.8,247.4,144528.0,3545300.05,112150.0,43413.0,4741.0
2020-03-23 00:00:00,230.0,248.9,229.5,241.3,183803.0,4406774.52,117308.0,46833.0,4769.0
2020-03-24 00:00:00,244.6,260.0,239.5,258.5,151392.0,3893069.07,118039.0,45906.0,4318.0
2020-03-25 00:00:00,253.9,264.4,244.9,264.0,107966.0,2841520.09,115580.0,44839.0,2895.0
2020-03-26 00:00:00,245.6,258.7,253.6,261.5,103340.0,2699786.2,116982.0,43094.0,2492.0
2020-03-27 00:00:00,244.5,255.6,244.6,256.9,119838.0,3080265.41,120000.0,42312.0,2491.0
2020-03-30 00:00:00,236.6,252.0,234.9,248.9,161038.0,4038821.72,127681.0,43143.0,2491.0
2020-03-31 00:00:00,248.0,265.3,248.0,264.0,178465.0,4742781.45,126905.0,43960.0,2493.0
2020-04-01 00:00:00,256.5,262.2,256.9,262.8,130223.0,3456422.21,124423.0,43890.0,17246.0
2020-04-02 00:00:00,282.5,289.0,268.6,276.5,236701.0,6597517.93,127538.0,47568.0,14774.0
2020-04-03 00:00:00,276.6,283.5,278.4,285.0,245842.0,7079588.53,125673.0,46215.0,13805.0
2020-04-07 00:00:00,290.3,297.7,289.0,295.8,147103.0,4400276.08,125178.0,46206.0,12612.0
2020-04-08 00:00:00,285.9,292.8,285.3,292.4,140931.0,4164238.02,126392.0,47072.0,12234.0
2020-04-09 00:00:00,295.0,301.6,293.3,300.2,127799.0,3880540.8,128657.0,48615.0,11151.0
2020-04-10 00:00:00,283.2,290.0,284.5,291.7,112380.0,3322972.87,132012.0,48204.0,11019.0
2020-04-13 00:00:00,277.4,285.1,287.8,294.3,199777.0,5990984.72,140370.0,51621.0,10173.0
2020-04-14 00:00:00,273.2,280.8,275.7,283.7,157955.0,4571496.77,151761.0,55641.0,9940.0
2020-04-15 00:00:00,266.7,274.5,267.3,274.7,179702.0,5065513.84,159853.0,57263.0,9605.0
2020-04-16 00:00:00,249.0,258.6,255.7,266.8,245072.0,6777470.94,172246.0,62522.0,9595.0
2020-04-17 00:00:00,246.1,253.7,248.1,252.1,329119.0,8611568.01,184680.0,67631.0,8621.0
2020-04-20 00:00:00,236.6,242.8,233.1,240.7,245870.0,6162105.77,188352.0,65372.0,8012.0
2020-04-21 00:00:00,224.0,229.2,228.2,234.1,339412.0,8339312.09,187159.0,61152.0,7830.0
2020-04-22 00:00:00,205.3,210.6,205.3,212.1,46196.0,1070307.55,185398.0,58591.0,7719.0
2020-04-23 00:00:00,219.5,227.5,211.8,221.0,390325.0,9187950.82,181377.0,51631.0,7156.0
2020-04-24 00:00:00,224.9,245.1,225.3,246.2,288590.0,7062445.91,179898.0,52597.0,7191.0
2020-04-27 00:00:00,211.3,230.9,221.5,235.1,329901.0,7685100.41,182933.0,52823.0,6635.0
2020-04-28 00:00:00,202.3,232.4,203.9,230.0,390364.0,8932858.43,185863.0,53256.0,6553.0
2020-04-29 00:00:00,220.4,243.7,211.2,243.5,401718.0,9720763.86,178305.0,52345.0,6553.0
2020-04-30 00:00:00,230.0,248.7,220.4,252.6,306327.0,7794416.24,177989.0,50433.0,6153.0
2020-05-06 00:00:00,246.4,263.6,248.9,267.3,218525.0,5847967.88,172376.0,53158.0,36320.0
2020-05-07 00:00:00,247.2,261.4,246.3,261.4,319364.0,8244697.91,172197.0,53700.0,36215.0
2020-05-08 00:00:00,248.6,262.3,247.4,261.5,406002.0,10536884.64,169041.0,53036.0,34898.0
2020-05-11 00:00:00,243.3,258.8,243.8,259.0,379840.0,9722510.76,170031.0,54447.0,33388.0
2020-05-12 00:00:00,238.4,253.2,241.1,256.4,237654.0,6056655.7,173281.0,56336.0,31894.0
2020-05-13 00:00:00,235.4,251.3,237.7,252.6,269379.0,6849210.51,178904.0,60878.0,29610.0
2020-05-14 00:00:00,229.5,245.3,230.9,247.0,309974.0,7781079.82,186426.0,64551.0,27802.0
2020-05-15 00:00:00,243.8,259.5,238.5,254.8,367845.0,9524020.52,186838.0,65371.0,24861.0
2020-05-18 00:00:00,252.3,267.6,247.3,263.0,387096.0,10329892.89,185926.0,68376.0,20930.0
2020-05-19 00:00:00,254.7,267.4,257.9,271.9,494794.0,13649847.58,183832.0,70466.0,15679.0
2020-05-20 00:00:00,254.8,268.6,254.8,267.9,264947.0,7218652.72,185175.0,70339.0,15189.0
2020-05-21 00:00:00,265.4,278.2,260.9,274.8,310613.0,8701652.01,186997.0,70909.0,15051.0
2020-05-22 00:00:00,251.7,265.7,256.7,270.7,404413.0,11173657.13,184415.0,67052.0,14911.0
2020-05-25 00:00:00,258.7,271.7,236.1,268.3,297887.0,8109777.19,183561.0,66497.0,14804.0
2020-05-26 00:00:00,260.2,274.8,258.7,273.5,194898.0,5458589.33,186721.0,65163.0,13411.0
2020-05-27 00:00:00,257.7,272.8,259.6,272.8,257246.0,7169959.55,184166.0,61099.0,12239.0
2020-05-28 00:00:00,259.0,273.1,258.6,273.2,306945.0,8547816.57,179336.0,54898.0,12512.0
2020-05-29 00:00:00,261.4,275.2,260.1,275.2,249678.0,7007248.91,176872.0,51200.0,12611.0
2020-06-01 00:00:00,278.1,278.1,276.8,276.8,212364.0,6016055.04,158860.0,49546.0,49546.0
2020-06-02 00:00:00,278.6,278.6,278.1,278.1,166228.0,4735749.56,157497.0,47944.0,47944.0
2020-06-03 00:00:00,290.6,290.6,286.0,286.0,278174.0,8126426.64,156064.0,48271.0,48271.0
2020-06-04 00:00:00,280.4,280.4,283.8,283.8,269822.0,7821636.14,156800.0,44711.0,44711.0
2020-06-05 00:00:00,284.9,284.9,282.2,282.2,192308.0,5548670.67,157516.0,42850.0,42850.0
2020-06-08 00:00:00,295.7,295.7,292.2,292.2,321949.0,9665999.8,151537.0,39965.0,39965.0
2020-06-09 00:00:00,289.2,289.2,290.3,290.3,238203.0,7094207.52,151113.0,36243.0,36243.0
2020-06-10 00:00:00,286.3,286.3,288.1,288.1,189391.0,5600873.57,152293.0,34684.0,34684.0
2020-06-11 00:00:00,281.5,281.5,285.0,285.0,235319.0,6899600.06,154578.0,32708.0,32708.0
2020-06-12 00:00:00,266.0,266.0,270.5,270.5,360644.0,10115875.66,156683.0,29863.0,29863.0
2020-06-15 00:00:00,260.6,260.6,268.4,268.4,359642.0,10065850.76,159685.0,24999.0,24999.0
2020-06-16 00:00:00,275.5,275.5,268.6,268.6,328473.0,9376673.7,156004.0,17438.0,17438.0
2020-06-17 00:00:00,279.5,294.6,279.9,294.7,326642.0,9774912.83,153050.0,53464.0,16246.0
2020-06-18 00:00:00,280.7,295.3,279.2,294.4,198352.0,5921438.9,153974.0,54176.0,15890.0
2020-06-19 00:00:00,285.1,299.3,282.7,296.5,164851.0,4968077.51,152773.0,54343.0,15460.0
2020-06-22 00:00:00,283.4,297.3,284.4,298.6,256558.0,7766130.83,148931.0,52787.0,12827.0
2020-06-23 00:00:00,283.5,298.6,284.5,298.5,212503.0,6448098.89,146446.0,51311.0,12613.0
2020-06-24 00:00:00,285.0,299.0,284.2,298.6,165057.0,4999640.31,140826.0,46193.0,12252.0
2020-06-29 00:00:00,272.6,285.7,285.1,287.3,118558.0,3492761.92,145818.0,45778.0,11677.0
2020-06-30 00:00:00,280.0,292.4,283.7,292.0,154293.0,4578405.14,142149.0,42889.0,11172.0
2020-07-01 00:00:00,293.3,293.3,291.4,291.4,147574.0,4370634.44,130712.0,43110.0,43110.0
2020-07-02 00:00:00,298.2,298.2,294.7,294.7,183114.0,5483981.28,131558.0,43621.0,43621.0
2020-07-03 00:00:00,297.8,297.8,298.6,298.6,149790.0,4543102.72,128727.0,41984.0,41984.0
2020-07-06 00:00:00,298.7,298.7,296.8,296.8,127531.0,3866293.65,125830.0,39973.0,39973.0
2020-07-07 00:00:00,295.9,295.9,297.6,297.6,139390.0,4235068.23,126038.0,38742.0,38742.0
2020-07-08 00:00:00,298.7,298.7,298.9,298.9,151448.0,4620847.68,124683.0,37360.0,37360.0
2020-07-09 00:00:00,298.9,298.9,299.1,299.1,119039.0,3636533.37,123464.0,34957.0,34957.0
2020-07-10 00:00:00,292.1,292.1,293.9,293.9,193722.0,5826546.68,126972.0,34547.0,34547.0
2020-07-13 00:00:00,295.5,295.5,296.1,296.1,147834.0,4480634.97,122101.0,31393.0,31393.0
2020-07-14 00:00:00,292.3,292.3,292.9,292.9,160672.0,4827303.63,125067.0,30277.0,30277.0
2020-07-15 00:00:00,294.6,294.6,294.5,294.5,139331.0,4203872.87,120874.0,28074.0,28074.0
2020-07-16 00:00:00,288.7,288.7,292.8,292.8,236626.0,7165146.09,128093.0,26592.0,26592.0
2020-07-17 00:00:00,287.9,300.7,289.9,302.4,139860.0,4207046.42,131750.0,55941.0,23751.0
2020-07-20 00:00:00,280.1,293.3,283.7,296.9,160605.0,4768744.31,138647.0,62668.0,20947.0
2020-07-21 00:00:00,285.5,299.4,284.7,298.0,149578.0,4474487.98,134085.0,62962.0,16218.0
2020-07-22 00:00:00,287.3,301.3,288.9,302.7,131954.0,4031866.37,131562.0,60398.0,15991.0
2020-07-23 00:00:00,288.1,301.1,286.5,299.7,112536.0,3407111.12,130786.0,59014.0,15882.0
2020-07-24 00:00:00,283.1,295.8,285.6,298.9,135615.0,4092500.55,133018.0,60664.0,15661.0
2020-07-27 00:00:00,280.6,294.8,281.9,295.3,123553.0,3688058.15,132380.0,59110.0,15482.0
2020-07-28 00:00:00,276.6,291.9,283.1,291.4,151654.0,4467600.16,136658.0,61056.0,15107.0
2020-07-29 00:00:00,278.1,291.1,276.5,290.1,117302.0,3448826.59,137559.0,59686.0,14384.0
2020-07-30 00:00:00,277.7,290.9,279.1,292.9,120812.0,3581629.79,135498.0,56108.0,14365.0
2020-07-31 00:00:00,273.1,286.1,277.3,285.7,233110.0,6763201.58,139585.0,54559.0,13859.0
2020-08-03 00:00:00,279.7,279.7,281.9,281.9,165746.0,4748208.85,136247.0,57591.0,57591.0
2020-08-04 00:00:00,281.3,281.3,282.3,282.3,137599.0,3948716.66,133856.0,53007.0,53007.0
2020-08-05 00:00:00,280.0,280.0,280.2,280.2,149330.0,4272717.8,132195.0,50913.0,50913.0
2020-08-06 00:00:00,282.9,282.9,283.2,283.2,212480.0,6149880.13,131069.0,48927.0,48927.0
2020-08-07 00:00:00,281.8,281.8,282.6,282.6,123355.0,3552138.88,132241.0,47850.0,47850.0
2020-08-10 00:00:00,284.3,284.3,282.4,282.4,129886.0,3739613.88,129846.0,45408.0,45408.0
2020-08-11 00:00:00,285.3,285.3,284.8,284.8,116624.0,3387928.86,127169.0,42609.0,42609.0
2020-08-12 00:00:00,284.2,284.2,283.7,283.7,172524.0,5005094.63,128990.0,37696.0,37696.0
2020-08-13 00:00:00,282.7,282.7,283.7,283.7,87026.0,2518840.12,127398.0,35515.0,35515.0
2020-08-14 00:00:00,282.3,282.3,282.2,282.2,78162.0,2263297.66,127684.0,33260.0,33260.0
2020-08-17 00:00:00,279.2,279.2,280.2,280.2,94589.0,2721702.25,131414.0,27950.0,27950.0
2020-08-18 00:00:00,274.0,284.1,278.2,287.9,152130.0,4394645.37,142732.0,69492.0,21825.0
2020-08-19 00:00:00,277.6,288.8,277.2,287.6,135221.0,3906632.14,133816.0,67356.0,15518.0
2020-08-20 00:00:00,278.7,288.8,278.0,289.1,80629.0,2358790.9,132623.0,66287.0,14942.0
2020-08-21 00:00:00,276.2,286.3,277.2,286.1,100900.0,2929584.5,133550.0,67020.0,13428.0
2020-08-24 00:00:00,278.7,288.7,278.1,287.4,146880.0,4279669.16,124226.0,58746.0,12897.0
2020-08-25 00:00:00,283.3,293.3,280.2,290.9,102949.0,3038820.42,122101.0,55216.0,12701.0
2020-08-26 00:00:00,284.3,294.4,285.1,294.9,99720.0,2986002.8,123918.0,54670.0,12650.0
2020-08-27 00:00:00,284.2,294.9,284.0,294.8,65217.0,1957439.35,123517.0,52889.0,12356.0
2020-08-28 00:00:00,283.1,293.6,283.5,293.6,100784.0,3012082.43,124806.0,52043.0,12226.0
2020-08-31 00:00:00,288.7,298.0,284.6,296.2,102262.0,3083969.47,127475.0,52152.0,12200.0
2020-09-01 00:00:00,294.8,294.8,295.5,295.5,87796.0,2642559.09,115683.0,50094.0,50094.0
2020-09-02 00:00:00,292.7,292.7,293.7,293.7,77106.0,2316529.41,119538.0,50658.0,50658.0
2020-09-03 00:00:00,285.8,285.8,288.2,288.2,131565.0,3882534.63,128645.0,53164.0,53164.0
2020-09-04 00:00:00,284.4,284.4,284.9,284.9,106348.0,3093252.34,129023.0,51074.0,51074.0
2020-09-07 00:00:00,272.5,272.5,278.6,278.6,182422.0,5209212.85,138155.0,50044.0,50044.0
2020-09-08 00:00:00,269.1,269.1,272.9,272.9,110979.0,3118690.45,139774.0,45209.0,45209.0
2020-09-09 00:00:00,251.0,251.0,252.7,252.7,189030.0,5006058.99,140177.0,37045.0,37045.0
2020-09-10 00:00:00,248.2,248.2,250.1,250.1,251398.0,6581083.11,132834.0,21330.0,21330.0
2020-09-11 00:00:00,243.3,243.3,247.5,247.5,195734.0,5147426.17,139803.0,13910.0,13910.0
2020-09-14 00:00:00,246.5,262.0,245.1,261.2,136763.0,3621031.92,138187.0,54742.0,12494.0
2020-09-15 00:00:00,245.4,260.7,245.5,261.0,92737.0,2454243.57,139417.0,55503.0,11890.0
2020-09-16 00:00:00,255.3,270.6,248.7,266.9,176169.0,4769352.01,133191.0,52710.0,10598.0
2020-09-17 00:00:00,254.4,270.0,255.4,271.5,145543.0,3998467.65,129447.0,50992.0,8946.0
2020-09-18 00:00:00,262.7,277.8,259.2,274.7,146313.0,4075119.89,127264.0,49924.0,8627.0
2020-09-21 00:00:00,262.4,276.7,262.6,279.0,141243.0,3989697.91,126095.0,49227.0,8045.0
2020-09-22 00:00:00,249.5,264.8,255.0,267.8,242478.0,6594417.38,125340.0,47968.0,7978.0
2020-09-23 00:00:00,250.0,265.0,249.1,265.8,138727.0,3740840.5,123292.0,45711.0,7305.0
2020-09-24 00:00:00,261.7,261.7,265.0,265.0,190747.0,5138177.68,116541.0,45061.0,45061.0
2020-09-25 00:00:00,266.7,266.7,265.6,265.6,146525.0,3954759.29,109051.0,38802.0,38802.0
2020-09-28 00:00:00,262.3,262.3,264.4,264.4,159415.0,4305009.15,109915.0,37329.0,37329.0
2020-09-29 00:00:00,265.6,265.6,264.9,264.9,118062.0,3192845.9,102120.0,31357.0,31357.0
2020-09-30 00:00:00,254.7,254.7,258.2,258.2,192947.0,5091873.72,105402.0,30004.0,30004.0
2020-10-09 00:00:00,264.5,264.5,264.3,264.3,69176.0,1882821.62,101567.0,25790.0,25790.0
2020-10-12 00:00:00,262.8,262.8,263.0,263.0,118838.0,3215443.06,105023.0,24175.0,24175.0
2020-10-13 00:00:00,259.7,259.7,259.6,259.6,141145.0,3784136.67,110465.0,23039.0,23039.0
2020-10-14 00:00:00,257.1,257.1,257.9,257.9,130568.0,3480432.31,114032.0,22270.0,22270.0
2020-10-15 00:00:00,260.2,260.2,260.6,260.6,137670.0,3718037.2,109211.0,17480.0,17480.0
2020-10-16 00:00:00,258.5,271.4,257.5,270.3,217352.0,5858128.98,110834.0,50896.0,14326.0
2020-10-19 00:00:00,258.8,271.6,259.9,272.8,151825.0,4153079.67,112093.0,52765.0,12230.0
2020-10-20 00:00:00,257.6,270.7,258.3,271.2,142910.0,3892284.31,116207.0,56170.0,10127.0
2020-10-21 00:00:00,256.9,269.8,257.5,270.0,134288.0,3677049.04,117658.0,56398.0,9707.0
2020-10-22 00:00:00,253.8,266.7,253.5,267.0,178523.0,4827791.67,125161.0,59576.0,9520.0
2020-10-23 00:00:00,252.6,265.3,253.8,266.7,129019.0,3480911.99,123630.0,57236.0,9318.0
2020-10-26 00:00:00,243.4,255.8,249.3,260.7,181006.0,4803969.0,133692.0,59198.0,9224.0
2020-10-27 00:00:00,244.3,256.4,243.6,255.6,149167.0,3867705.46,133579.0,56017.0,9193.0
2020-10-28 00:00:00,239.4,252.0,243.7,254.9,173288.0,4479222.26,133145.0,54461.0,7827.0
2020-10-29 00:00:00,224.1,237.7,229.4,241.3,254767.0,6267331.61,136369.0,51848.0,7821.0
2020-10-30 00:00:00,215.0,223.7,211.8,227.4,360414.0,8358281.49,134730.0,45499.0,7833.0
2020-11-02 00:00:00,221.0,221.0,224.3,224.3,269404.0,6185660.28,129443.0,42866.0,42866.0
2020-11-03 00:00:00,229.3,229.3,229.6,229.6,237113.0,5546056.19,125356.0,38985.0,38985.0
2020-11-04 00:00:00,238.2,238.2,235.0,235.0,255901.0,6157306.15,119968.0,33329.0,33329.0
2020-11-05 00:00:00,234.2,234.2,236.4,236.4,202514.0,4894618.13,117096.0,30813.0,30813.0
2020-11-06 00:00:00,230.7,230.7,234.6,234.6,196561.0,4713826.52,119265.0,29762.0,29762.0
2020-11-09 00:00:00,237.2,237.2,234.1,234.1,236789.0,5720628.21,120508.0,28635.0,28635.0
2020-11-10 00:00:00,248.1,248.1,248.3,248.3,249560.0,6346932.41,115220.0,23172.0,23172.0
2020-11-11 00:00:00,255.9,255.9,251.5,251.5,195739.0,5052720.84,115311.0,21878.0,21878.0
2020-11-12 00:00:00,251.9,251.9,254.0,254.0,209633.0,5467878.91,112783.0,17493.0,17493.0
2020-11-13 00:00:00,248.5,248.5,252.2,252.2,195320.0,5063330.42,114895.0,16157.0,16157.0
2020-11-16 00:00:00,251.9,260.8,250.9,258.3,186035.0,4806055.32,115243.0,52389.0,12579.0
2020-11-17 00:00:00,250.0,259.8,253.0,261.9,169091.0,4441512.37,116577.0,55467.0,10201.0
2020-11-18 00:00:00,249.6,259.7,249.7,259.6,179997.0,4691505.23,118992.0,58442.0,7961.0
2020-11-19 00:00:00,251.0,260.9,251.4,260.8,142368.0,3750606.26,119400.0,58109.0,7718.0
2020-11-20 00:00:00,250.8,260.6,252.1,261.6,120247.0,3173427.01,119128.0,57646.0,7572.0
2020-11-23 00:00:00,257.7,267.9,254.6,264.0,164704.0,4389189.85,121962.0,58745.0,7275.0
2020-11-24 00:00:00,269.6,281.4,260.8,272.5,246021.0,6785511.17,133072.0,59783.0,6914.0
2020-11-25 00:00:00,279.0,289.8,271.4,289.2,319525.0,9354325.27,133453.0,55607.0,6283.0
2020-11-26 00:00:00,278.1,288.5,279.6,291.2,242947.0,7174395.47,134738.0,52849.0,5739.0
2020-11-27 00:00:00,279.0,289.1,279.3,289.2,189404.0,5547699.82,131896.0,50022.0,5636.0
2020-11-30 00:00:00,275.0,281.6,279.8,287.4,235392.0,6872251.39,130469.0,47247.0,5836.0
2020-12-01 00:00:00,286.7,286.7,286.8,286.8,214399.0,6235602.14,123549.0,43889.0,43889.0
2020-12-02 00:00:00,284.1,284.1,284.7,284.7,176697.0,5106296.88,123232.0,41724.0,41724.0
2020-12-03 00:00:00,286.8,286.8,288.0,288.0,202008.0,5914890.27,122157.0,40457.0,40457.0
2020-12-04 00:00:00,295.9,295.9,292.2,292.2,306110.0,9111458.0,125828.0,39696.0,39696.0
2020-12-07 00:00:00,293.9,293.9,293.8,293.8,185396.0,5539729.53,123235.0,35128.0,35128.0
2020-12-08 00:00:00,283.6,283.6,290.3,290.3,193776.0,5743652.0,119165.0,31476.0,31476.0
2020-12-09 00:00:00,284.8,284.8,284.7,284.7,168804.0,4913852.0,114071.0,24896.0,24896.0
2020-12-10 00:00:00,282.6,282.6,285.0,285.0,188254.0,5493626.0,110727.0,20455.0,20455.0
2020-12-11 00:00:00,288.3,288.3,290.6,290.6,302085.0,9080869.04,107269.0,14189.0,14189.0
2020-12-14 00:00:00,291.7,304.9,289.3,303.2,162165.0,4897906.0,103719.0,52978.0,5932.0
2020-12-15 00:00:00,288.4,300.5,288.5,302.3,198674.0,6036525.0,103744.0,53101.0,5019.0
2020-12-16 00:00:00,291.0,301.8,290.2,302.1,135847.0,4130521.0,101570.0,52274.0,4091.0
2020-12-17 00:00:00,302.0,314.7,297.7,309.1,202441.0,6287976.0,105804.0,56815.0,3136.0
2020-12-18 00:00:00,304.0,315.4,303.1,316.0,157631.0,5004227.0,102668.0,54191.0,2646.0
2020-12-21 00:00:00,299.0,308.8,298.6,315.3,245322.0,7763317.0,99169.0,51355.0,2017.0
2020-12-22 00:00:00,286.0,295.2,291.6,304.5,243483.0,7450103.0,93757.0,48019.0,2040.0
2020-12-23 00:00:00,278.9,291.4,278.3,294.7,231482.0,6861898.0,89043.0,42333.0,1993.0
2020-12-24 00:00:00,281.6,307.2,279.8,301.1,248464.0,7531081.0,87334.0,38799.0,1992.0
2020-12-25 00:00:00,309.6,309.6,306.9,306.9,159315.0,4913744.0,83876.0,36595.0,36595.0
2020-12-28 00:00:00,306.6,306.6,308.3,308.3,139518.0,4329107.57,83573.0,34910.0,34910.0
2020-12-29 00:00:00,305.0,305.0,307.2,307.2,172316.0,5323321.32,83680.0,33646.0,33646.0
2020-12-30 00:00:00,305.1,305.1,304.7,304.7,175906.0,5393690.0,82481.0,31171.0,31171.0
2020-12-31 00:00:00,301.7,301.7,303.3,303.3,165060.0,5043362.0,84680.0,31114.0,31114.0
2021-01-04 00:00:00,320.1,320.1,313.9,313.9,140157.0,4441255.87,89184.0,32033.0,32033.0
2021-01-05 00:00:00,311.1,311.1,313.4,313.4,225466.0,7123196.0,90161.0,28425.0,28425.0
2021-01-06 00:00:00,323.7,323.7,319.3,319.3,245435.0,7908245.0,95983.0,27801.0,27801.0
2021-01-07 00:00:00,335.3,335.3,327.6,327.6,230610.0,7631817.0,104022.0,28196.0,28196.0
2021-01-08 00:00:00,336.5,336.5,332.7,332.7,208562.0,7008767.0,108336.0,27427.0,27427.0
2021-01-11 00:00:00,325.7,325.7,336.0,336.0,272508.0,9253222.0,100161.0,21499.0,21499.0
2021-01-12 00:00:00,336.9,336.9,332.2,332.2,210534.0,7073996.0,97131.0,20129.0,20129.0
2021-01-13 00:00:00,342.4,342.4,340.0,340.0,178099.0,6142647.0,100629.0,18408.0,18408.0
2021-01-14 00:00:00,334.4,342.4,335.9,343.9,199175.0,6819672.0,98334.0,46676.0,13723.0
2021-01-15 00:00:00,329.4,339.4,332.2,341.2,220572.0,7512365.0,93911.0,46932.0,7296.0
2021-01-18 00:00:00,323.9,333.0,326.1,332.5,209781.0,6987232.0,91922.0,46064.0,5191.0
2021-01-19 00:00:00,330.2,334.3,328.4,335.4,123262.0,4143070.0,90540.0,45654.0,3665.0
2021-01-20 00:00:00,340.1,342.7,337.3,339.7,145742.0,4965400.0,92877.0,47340.0,3536.0
2021-01-21 00:00:00,336.5,340.0,336.2,341.1,137533.0,4703629.0,91600.0,45812.0,3355.0
2021-01-22 00:00:00,323.9,332.3,324.5,337.4,156267.0,5288049.0,93808.0,47164.0,3176.0
2021-01-25 00:00:00,323.9,332.1,318.5,331.7,199538.0,6645347.0,90044.0,43103.0,3121.0
2021-01-26 00:00:00,320.9,328.0,322.6,330.2,134867.0,4471566.06,88773.0,41631.0,3117.0
2021-01-27 00:00:00,326.0,335.0,323.6,332.9,112891.0,3772190.35,86559.0,39174.0,2480.0
2021-01-28 00:00:00,324.0,333.3,324.0,334.0,174110.0,5835498.99,85193.0,37516.0,2291.0
2021-01-29 00:00:00,324.0,335.0,324.0,336.4,162896.0,5500079.0,83403.0,36018.0,2291.0
2021-02-01 00:00:00,336.3,336.3,336.0,336.0,172971.0,5838232.0,80394.0,34182.0,34182.0
2021-02-02 00:00:00,346.8,346.8,340.6,340.6,162778.0,5582744.0,86786.0,35632.0,35632.0
2021-02-03 00:00:00,347.1,347.1,347.5,347.5,153578.0,5369252.0,82035.0,29003.0,29003.0
2021-02-04 00:00:00,357.5,357.5,353.1,353.1,187376.0,6659349.0,86549.0,25937.0,25937.0
2021-02-05 00:00:00,358.1,358.1,356.3,356.3,145114.0,5214739.54,85717.0,18529.0,18529.0
2021-02-08 00:00:00,362.1,362.1,361.9,361.9,148811.0,5439613.0,82985.0,10808.0,10808.0
2021-02-09 00:00:00,376.0,376.0,367.3,367.3,127842.0,4770281.0,79294.0,2950.0,2950.0
2021-02-10 00:00:00,368.5,371.2,368.1,371.9,112538.0,4191347.0,73245.0,47103.0,2137.0
2021-02-18 00:00:00,396.1,399.0,395.8,399.5,68636.0,2747340.0,76507.0,48960.0,1765.0
2021-02-19 00:00:00,384.2,388.4,387.0,391.3,144443.0,5659013.0,77392.0,48545.0,1632.0
2021-02-22 00:00:00,385.6,392.2,384.8,390.7,157532.0,6167218.0,81414.0,49205.0,1611.0
2021-02-23 00:00:00,407.5,412.9,393.8,405.1,231606.0,9421556.0,90334.0,48906.0,1177.0
2021-02-24 00:00:00,396.1,405.8,407.0,406.0,186368.0,7588230.0,88082.0,43960.0,629.0
2021-02-25 00:00:00,407.3,417.8,407.3,415.9,223893.0,9341416.0,92821.0,43297.0,627.0
2021-02-26 00:00:00,410.0,405.9,410.0,410.8,215036.0,8866599.0,91354.0,38669.0,607.0
2021-03-01 00:00:00,409.0,409.0,407.2,407.2,218983.0,8961617.0,89808.0,34855.0,34855.0
2021-03-02 00:00:00,387.1,387.1,397.2,397.2,222500.0,8878865.0,88796.0,31410.0,31410.0
2021-03-03 00:00:00,392.8,392.8,392.9,392.9,168028.0,6634303.0,87068.0,27791.0,27791.0
2021-03-04 00:00:00,399.4,399.4,396.5,396.5,208898.0,8329436.0,85719.0,25044.0,25044.0
2021-03-05 00:00:00,423.6,423.6,411.7,411.7,334439.0,13840405.0,89879.0,25109.0,25109.0
2021-03-08 00:00:00,441.4,441.4,433.6,433.6,237789.0,10377525.0,90003.0,22927.0,22927.0
2021-03-09 00:00:00,422.7,422.7,428.1,428.1,242845.0,10451795.0,87192.0,19323.0,19323.0
2021-03-10 00:00:00,412.0,412.0,417.9,417.9,255815.0,10769770.0,85319.0,17125.0,17125.0
2021-03-11 00:00:00,416.2,416.2,416.3,416.3,217169.0,9106867.0,85011.0,15122.0,15122.0
2021-03-12 00:00:00,418.8,418.8,421.2,421.2,190331.0,8079321.0,87117.0,13797.0,13797.0
2021-03-15 00:00:00,422.8,428.1,420.4,426.6,181174.0,7715325.0,88846.0,44193.0,10047.0
2021-03-16 00:00:00,408.4,416.0,411.3,417.6,170804.0,7127947.0,86495.0,44371.0,7451.0
2021-03-17 00:00:00,414.1,420.9,408.3,415.5,180742.0,7511190.0,89569.0,46156.0,5609.0
2021-03-18 00:00:00,407.0,411.5,407.8,412.6,198475.0,8196219.0,89093.0,46598.0,4302.0
2021-03-19 00:00:00,375.1,379.5,394.8,395.9,335177.0,13285620.0,94238.0,51163.0,2145.0
2021-03-22 00:00:00,383.2,390.1,376.6,386.1,266814.0,10317335.66,90462.0,48345.0,2137.0
2021-03-23 00:00:00,384.9,390.8,386.5,392.2,159205.0,6254303.0,90545.0,48269.0,2081.0
2021-03-24 00:00:00,371.0,378.1,376.2,380.7,268482.0,10241839.0,95523.0,49164.0,2069.0
2021-03-25 00:00:00,376.8,383.2,374.5,387.0,272846.0,10556849.0,91575.0,45180.0,1749.0
2021-03-26 00:00:00,378.0,384.3,375.8,380.6,280339.0,10698371.0,90423.0,42184.0,1743.0
2021-03-29 00:00:00,380.0,388.0,383.3,391.7,272452.0,10702087.0,84115.0,38213.0,1743.0
2021-03-30 00:00:00,390.0,398.6,383.1,395.3,241220.0,9569853.0,80179.0,35738.0,1743.0
2021-03-31 00:00:00,383.1,399.7,383.1,396.0,193629.0,7685669.0,76656.0,30560.0,1743.0
2021-04-01 00:00:00,392.8,392.8,393.4,393.4,215597.0,8502476.18,73832.0,29285.0,29285.0
2021-04-02 00:00:00,408.8,408.8,396.5,396.5,298537.0,11882639.68,77131.0,29871.0,29871.0
2021-04-06 00:00:00,388.1,388.1,388.5,388.5,117722.0,4599183.43,80594.0,31201.0,31201.0
2021-04-07 00:00:00,386.0,386.0,389.3,389.3,179951.0,7030482.08,81649.0,30554.0,30554.0
2021-04-08 00:00:00,383.5,383.5,384.4,384.4,212413.0,8197620.16,82787.0,30577.0,30577.0
2021-04-09 00:00:00,386.6,386.6,386.4,386.4,176864.0,6854868.02,81358.0,28959.0,28959.0
2021-04-12 00:00:00,382.4,382.4,387.3,387.3,183184.0,7111085.45,82875.0,27697.0,27697.0
2021-04-13 00:00:00,392.8,392.8,391.1,391.1,195586.0,7662262.97,79624.0,22151.0,22151.0
2021-04-14 00:00:00,397.8,397.8,394.0,394.0,160542.0,6340353.36,79838.0,19985.0,19985.0
2021-04-15 00:00:00,411.0,411.0,406.3,406.3,209014.0,8525182.49,80533.0,16825.0,16825.0
2021-04-16 00:00:00,412.8,412.8,410.1,410.1,180975.0,7485182.27,82064.0,11671.0,11671.0
2021-04-19 00:00:00,408.8,412.3,408.5,412.8,161279.0,6649102.95,82673.0,41739.0,9251.0
2021-04-20 00:00:00,419.0,414.3,413.7,413.8,153916.0,6374255.25,80361.0,42473.0,5315.0
2021-04-21 00:00:00,408.8,402.5,411.6,405.4,211067.0,8568395.72,79150.0,41785.0,4720.0
2021-04-22 00:00:00,400.9,395.3,400.1,396.9,229238.0,9106557.72,78751.0,40009.0,4614.0
2021-04-23 00:00:00,403.9,399.0,403.4,397.2,148585.0,5906834.43,77120.0,38217.0,4471.0
2021-04-26 00:00:00,402.1,396.5,406.3,400.1,180149.0,7215001.2,78586.0,38743.0,4133.0
2021-04-27 00:00:00,400.0,402.4,402.1,398.8,167867.0,6703720.52,79238.0,39553.0,1847.0
2021-04-28 00:00:00,403.9,408.1,395.6,403.8,146454.0,5921557.61,80644.0,39012.0,1812.0
2021-04-29 00:00:00,412.2,414.9,403.9,412.6,146224.0,6036353.57,81641.0,39924.0,1714.0
2021-04-30 00:00:00,412.2,420.1,412.2,419.4,168820.0,7075451.07,75207.0,33686.0,1296.0
2021-05-06 00:00:00,428.3,428.3,429.1,429.1,68325.0,2928745.29,76072.0,35217.0,35217.0
2021-05-07 00:00:00,425.7,425.7,424.4,424.4,133757.0,5675614.78,78525.0,33569.0,33569.0
2021-05-10 00:00:00,428.3,428.3,424.0,424.0,174984.0,7427047.61,78759.0,30440.0,30440.0
2021-05-11 00:00:00,418.6,418.6,421.1,421.1,153254.0,6459345.42,78682.0,28206.0,28206.0
2021-05-12 00:00:00,425.8,425.8,420.6,420.6,184940.0,7801307.6,81787.0,25929.0,25929.0
2021-05-13 00:00:00,423.8,423.8,428.7,428.7,196760.0,8447665.55,78318.0,22214.0,22214.0
2021-05-14 00:00:00,414.3,414.3,417.5,417.5,190263.0,7944100.61,80623.0,18918.0,18918.0
2021-05-17 00:00:00,427.1,427.1,424.9,424.9,173705.0,7376145.86,77085.0,15512.0,15512.0
2021-05-18 00:00:00,437.5,436.6,432.5,432.7,157634.0,6819406.53,84700.0,53658.0,11568.0
2021-05-19 00:00:00,419.3,421.2,429.8,427.5,222694.0,9524134.17,77134.0,51215.0,6097.0
2021-05-20 00:00:00,411.4,411.0,410.5,411.6,206813.0,8516053.71,78017.0,51190.0,5764.0
2021-05-21 00:00:00,397.1,400.2,403.7,405.5,184067.0,7467680.78,80470.0,52740.0,5645.0
2021-05-24 00:00:00,415.7,414.0,410.5,410.2,167765.0,6885363.27,72915.0,46020.0,5498.0
2021-05-25 00:00:00,424.5,425.0,421.3,421.3,141048.0,5942628.87,68184.0,40507.0,5494.0
2021-05-26 00:00:00,422.3,426.3,426.8,425.3,131217.0,5576772.15,67829.0,36437.0,5479.0
2021-05-27 00:00:00,419.8,421.9,419.6,423.6,142327.0,6020192.94,71042.0,33934.0,5453.0
2021-05-28 00:00:00,429.0,429.9,429.0,429.5,164888.0,7071678.87,78841.0,37628.0,5453.0
2021-05-31 00:00:00,420.1,428.8,412.1,429.5,135772.0,5819255.35,76483.0,33549.0,5005.0
2021-06-01 00:00:00,440.0,440.0,435.2,435.2,131920.0,5730241.54,83291.0,39361.0,39361.0
2021-06-02 00:00:00,438.9,438.9,440.8,440.8,154070.0,6779078.5,80799.0,36796.0,36796.0
2021-06-03 00:00:00,448.1,448.1,444.9,444.9,133504.0,5930733.38,87741.0,40781.0,40781.0
2021-06-04 00:00:00,445.2,445.2,443.2,443.2,162842.0,7203440.68,82125.0,36085.0,36085.0
2021-06-07 00:00:00,442.8,442.8,447.7,447.7,174100.0,7773780.96,83332.0,36191.0,36191.0
2021-06-08 00:00:00,443.0,443.0,443.7,443.7,131680.0,5829552.84,79009.0,33260.0,33260.0
2021-06-09 00:00:00,453.2,453.2,448.7,448.7,147280.0,6594386.03,88017.0,39818.0,39818.0
2021-06-10 00:00:00,446.4,446.4,448.3,448.3,150988.0,6750538.11,77313.0,31194.0,31194.0
2021-06-11 00:00:00,453.5,453.5,449.3,449.3,188566.0,8446785.6,79580.0,31443.0,31443.0
2021-06-15 00:00:00,454.4,454.4,457.0,457.0,92477.0,4205934.64,81343.0,26885.0,26885.0
2021-06-16 00:00:00,458.5,458.5,459.2,459.2,168162.0,7719672.86,88965.0,17225.0,17225.0
2021-06-17 00:00:00,452.7,457.9,454.2,458.6,194417.0,8891129.05,87782.0,53444.0,9309.0
2021-06-18 00:00:00,435.0,442.4,445.3,449.9,230275.0,10347226.77,77854.0,49096.0,3136.0
2021-06-21 00:00:00,445.6,451.8,440.2,450.2,162064.0,7291511.94,75759.0,47093.0,2542.0
2021-06-22 00:00:00,453.2,461.8,450.2,455.2,162612.0,7396195.24,78246.0,49839.0,2311.0
2021-06-23 00:00:00,458.8,466.0,454.3,461.4,152238.0,7019091.29,83126.0,54160.0,1942.0
2021-06-24 00:00:00,458.3,465.5,456.4,466.1,146191.0,6807617.61,81777.0,52362.0,1910.0
2021-06-25 00:00:00,458.7,466.3,460.1,466.2,160302.0,7466634.92,83824.0,52741.0,1701.0
2021-06-28 00:00:00,458.0,463.9,459.1,467.4,194580.0,9084435.97,81571.0,49168.0,1374.0
2021-06-29 00:00:00,447.9,456.3,446.5,459.9,154568.0,7105775.7,80006.0,44781.0,1124.0
2021-06-30 00:00:00,449.8,459.0,450.5,460.6,111521.0,5135759.36,77536.0,39989.0,1124.0
2021-07-01 00:00:00,459.5,459.5,460.0,460.0,154027.0,7090091.54,77856.0,38050.0,38050.0
2021-07-02 00:00:00,468.1,468.1,468.1,468.1,179789.0,8425638.73,81701.0,38073.0,38073.0
2021-07-05 00:00:00,471.6,471.6,468.0,468.0,144248.0,6760178.7,85408.0,38948.0,38948.0
2021-07-06 00:00:00,474.1,474.1,471.9,471.9,139917.0,6613944.85,86014.0,38234.0,38234.0
2021-07-07 00:00:00,450.9,450.9,458.1,458.1,251076.0,11532259.21,84703.0,33755.0,33755.0
2021-07-08 00:00:00,438.9,438.9,443.5,443.5,224975.0,10012507.95,85890.0,33401.0,33401.0
2021-07-09 00:00:00,444.6,444.6,441.2,441.2,185260.0,8205688.34,86077.0,32248.0,32248.0
2021-07-12 00:00:00,448.6,448.6,450.6,450.6,130992.0,5922964.87,82434.0,28577.0,28577.0
2021-07-13 00:00:00,454.7,454.7,450.5,450.5,112996.0,5107764.12,80206.0,26277.0,26277.0
2021-07-14 00:00:00,460.9,460.9,457.1,457.1,143638.0,6599461.0,79007.0,22738.0,22738.0
2021-07-15 00:00:00,439.3,439.3,449.7,449.7,221615.0,10018831.55,82478.0,19616.0,19616.0
2021-07-16 00:00:00,434.0,434.0,438.5,438.5,181268.0,7994359.2,88161.0,18713.0,18713.0
2021-07-19 00:00:00,427.9,427.9,432.1,432.1,210487.0,9167461.19,83012.0,10688.0,10688.0
2021-07-20 00:00:00,406.6,414.5,412.5,417.2,270829.0,11295980.37,88293.0,46327.0,5827.0
2021-07-21 00:00:00,406.7,413.1,404.7,413.3,184616.0,7636828.2,89791.0,47372.0,5529.0
2021-07-22 00:00:00,417.7,426.4,415.3,424.0,157186.0,6669984.92,84432.0,42553.0,5334.0
2021-07-23 00:00:00,429.1,436.6,424.4,434.7,169088.0,7364156.97,80858.0,37300.0,5062.0
2021-07-26 00:00:00,430.9,439.2,433.1,439.9,147772.0,6513865.89,80423.0,36271.0,4104.0
2021-07-27 00:00:00,437.7,446.0,440.0,447.0,146195.0,6546568.62,79501.0,35010.0,3991.0
2021-07-28 00:00:00,443.6,450.5,443.7,448.5,134469.0,6037608.45,77714.0,35319.0,1108.0
2021-07-29 00:00:00,445.5,452.9,443.5,451.2,96998.0,4379891.59,78266.0,34708.0,1111.0
2021-07-30 00:00:00,408.2,452.2,408.2,454.3,113721.0,5169543.11,76639.0,32083.0,1111.0
2021-08-02 00:00:00,449.3,449.3,452.2,452.2,144961.0,6561334.13,76040.0,30955.0,30955.0
2021-08-03 00:00:00,435.2,435.2,441.8,441.8,160857.0,7115319.87,79373.0,31751.0,31751.0
2021-08-04 00:00:00,436.4,436.4,432.0,432.0,174841.0,7566527.89,79660.0,31769.0,31769.0
2021-08-05 00:00:00,421.4,421.4,428.6,428.6,190276.0,8165852.42,83933.0,33681.0,33681.0
2021-08-06 00:00:00,433.2,433.2,428.5,428.5,134387.0,5767951.74,80455.0,29969.0,29969.0
2021-08-09 00:00:00,418.6,418.6,426.4,426.4,206206.0,8798532.13,85271.0,31376.0,31376.0
2021-08-10 00:00:00,424.4,424.4,417.7,417.7,163505.0,6845633.35,85857.0,29463.0,29463.0
2021-08-11 00:00:00,433.2,433.2,429.8,429.8,159830.0,6875094.87,83624.0,26737.0,26737.0
2021-08-12 00:00:00,431.4,431.4,428.7,428.7,177209.0,7605030.09,82815.0,25824.0,25824.0
2021-08-13 00:00:00,429.1,429.1,431.4,431.4,142797.0,6164095.27,83536.0,24512.0,24512.0
2021-08-16 00:00:00,423.9,423.9,428.6,428.6,142238.0,6102377.63,84921.0,23242.0,23242.0
2021-08-17 00:00:00,422.0,422.0,422.0,422.0,151845.0,6408065.91,81358.0,18375.0,18375.0
2021-08-18 00:00:00,426.4,422.5,424.0,421.6,154620.0,6525258.09,78000.0,38394.0,13821.0
2021-08-19 00:00:00,410.6,405.9,420.2,414.3,201291.0,8347809.54,81215.0,45183.0,10342.0
2021-08-20 00:00:00,410.0,405.3,409.2,402.3,177164.0,7131933.72,81196.0,45308.0,9143.0
2021-08-23 00:00:00,407.4,405.5,404.9,401.0,180652.0,7248415.73,80887.0,44767.0,8090.0
2021-08-24 00:00:00,424.7,422.6,414.4,417.7,181568.0,7581392.11,78728.0,40921.0,7392.0
2021-08-25 00:00:00,430.7,429.5,427.7,429.0,145650.0,6239947.92,74128.0,37567.0,4961.0
2021-08-26 00:00:00,434.0,432.7,434.0,432.5,142764.0,6166880.86,67442.0,32844.0,4927.0
2021-08-27 00:00:00,435.0,438.2,434.3,433.1,167200.0,7237108.89,67779.0,33296.0,4926.0
2021-08-30 00:00:00,434.3,438.3,434.3,438.8,140178.0,6143775.76,67327.0,32351.0,4926.0
2021-08-31 00:00:00,434.3,440.8,434.3,439.7,115332.0,5064529.85,68078.0,32426.0,4926.0
2021-09-01 00:00:00,446.5,446.5,440.3,440.3,141212.0,6208926.11,67230.0,35403.0,35403.0
2021-09-02 00:00:00,444.8,444.8,438.9,438.9,193157.0,8466686.56,67116.0,33063.0,33063.0
2021-09-03 00:00:00,456.0,456.0,455.7,455.7,152533.0,6938411.51,67631.0,30510.0,30510.0
2021-09-06 00:00:00,447.5,447.5,451.6,451.6,139077.0,6261650.03,67419.0,27223.0,27223.0
2021-09-07 00:00:00,456.9,456.9,454.3,454.3,114428.0,5178188.97,67417.0,24270.0,24270.0
2021-09-08 00:00:00,453.8,453.8,451.0,451.0,154710.0,6936022.22,65355.0,17642.0,17642.0
2021-09-09 00:00:00,457.1,457.1,454.7,454.7,126636.0,5725855.9,64323.0,10437.0,10437.0
2021-09-10 00:00:00,456.0,447.3,453.5,445.5,188822.0,8409921.98,61379.0,37084.0,7274.0
2021-09-13 00:00:00,462.6,460.0,462.1,456.0,129638.0,5904740.98,66194.0,42007.0,6355.0
2021-09-14 00:00:00,462.9,464.1,463.3,461.7,107513.0,4958777.64,66861.0,42630.0,6047.0
2021-09-15 00:00:00,461.2,467.3,463.8,463.3,110380.0,5107586.19,66811.0,42409.0,4312.0
2021-09-16 00:00:00,473.7,473.7,468.2,478.4,163116.0,7785632.23,63013.0,39284.0,3061.0
2021-09-17 00:00:00,471.1,474.6,474.3,472.6,106940.0,5046371.98,58845.0,37058.0,1498.0
2021-09-22 00:00:00,467.1,473.9,471.0,471.6,54297.0,2556235.2,58447.0,37467.0,378.0
2021-09-23 00:00:00,474.7,479.4,474.7,477.0,107534.0,5122020.94,58560.0,37624.0,378.0
2021-09-24 00:00:00,488.6,488.6,484.8,484.8,133678.0,6470247.73,60810.0,39349.0,39349.0
2021-09-27 00:00:00,494.5,494.5,492.2,492.2,139161.0,6839624.52,59787.0,36651.0,36651.0
2021-09-28 00:00:00,507.6,507.6,501.9,501.9,139314.0,6980557.74,62606.0,36812.0,36812.0
2021-09-29 00:00:00,489.2,489.2,496.5,496.5,162054.0,8035171.4,55396.0,28455.0,28455.0
2021-09-30 00:00:00,494.6,494.6,495.7,495.7,114292.0,5656828.73,48741.0,22563.0,22563.0
2021-10-08 00:00:00,528.1,528.1,526.9,526.9,74677.0,3924724.2,54819.0,26109.0,26109.0
2021-10-11 00:00:00,530.0,530.0,526.9,526.9,133921.0,7049935.2,57827.0,24685.0,24685.0
2021-10-12 00:00:00,529.5,529.5,531.3,531.3,112306.0,5958685.34,58313.0,22343.0,22343.0
2021-10-13 00:00:00,524.0,524.0,528.0,528.0,170921.0,9015542.99,56025.0,16460.0,16460.0
2021-10-14 00:00:00,526.5,526.5,520.6,520.6,130970.0,6834557.48,55893.0,12804.0,12804.0
2021-10-15 00:00:00,529.2,529.2,525.2,525.2,140390.0,7416339.72,59951.0,9371.0,9371.0
2021-10-18 00:00:00,537.9,543.0,534.1,537.9,156938.0,8425458.14,64626.0,43018.0,4728.0
2021-10-19 00:00:00,532.2,530.4,530.2,533.1,151193.0,8047283.56,63529.0,40699.0,1781.0
2021-10-20 00:00:00,523.7,524.4,530.1,526.1,140564.0,7386391.6,57820.0,35789.0,1626.0
2021-10-21 00:00:00,530.5,529.8,531.4,530.6,131632.0,6976207.37,56583.0,34766.0,1592.0
2021-10-22 00:00:00,519.4,520.2,528.2,524.8,189455.0,9935005.09,50717.0,30151.0,1537.0
2021-10-25 00:00:00,527.7,533.2,527.6,529.6,144230.0,7632911.4,54578.0,32846.0,1528.0
2021-10-26 00:00:00,528.9,531.6,527.7,534.2,123791.0,6605125.34,53581.0,31922.0,38.0
2021-10-27 00:00:00,523.6,528.3,523.0,531.7,139641.0,7419120.14,51791.0,29929.0,14.0
2021-10-28 00:00:00,500.0,517.5,510.6,520.4,258262.0,13419875.31,56970.0,31403.0,4.0
2021-10-29 00:00:00,517.3,525.5,516.9,519.3,157024.0,8155276.94,57033.0,29943.0,2.0
2021-11-01 00:00:00,520.3,520.3,521.0,521.0,150752.0,7847789.14,56866.0,28659.0,28659.0
2021-11-02 00:00:00,534.8,534.8,531.3,531.3,129790.0,6890142.33,59747.0,30223.0,30223.0
2021-11-03 00:00:00,524.3,524.3,526.8,526.8,148669.0,7819258.05,59028.0,28603.0,28603.0
2021-11-04 00:00:00,510.2,510.2,513.6,513.6,169138.0,8674610.87,62177.0,31173.0,31173.0
2021-11-05 00:00:00,508.5,508.5,516.0,516.0,247241.0,12731274.7,64247.0,29199.0,29199.0
2021-11-08 00:00:00,532.0,532.0,522.2,522.2,190917.0,9941310.11,61268.0,27759.0,27759.0
2021-11-09 00:00:00,524.9,524.9,526.3,526.3,116886.0,6133458.79,60434.0,27395.0,27395.0
2021-11-10 00:00:00,538.0,538.0,530.7,530.7,138787.0,7347932.93,64569.0,28683.0,28683.0
2021-11-11 00:00:00,519.3,519.3,526.7,526.7,177043.0,9293688.59,60516.0,24948.0,24948.0
2021-11-12 00:00:00,514.7,514.7,517.7,517.7,161148.0,8320452.12,61342.0,25643.0,25643.0
2021-11-15 00:00:00,508.1,508.1,513.3,513.3,154715.0,7910981.47,62607.0,23197.0,23197.0
2021-11-16 00:00:00,518.0,518.0,510.8,510.8,162848.0,8294096.86,57975.0,17329.0,17329.0
2021-11-17 00:00:00,519.0,519.0,514.8,514.8,148434.0,7611290.43,58242.0,13577.0,13577.0
2021-11-18 00:00:00,504.9,489.9,511.8,500.1,189974.0,9522602.59,58749.0,37099.0,6747.0
2021-11-19 00:00:00,516.3,506.3,513.5,499.9,159094.0,7949573.01,54982.0,33160.0,5874.0
2021-11-22 00:00:00,500.5,487.5,500.1,489.4,201763.0,9870290.04,53390.0,33596.0,3799.0
2021-11-23 00:00:00,501.7,491.2,504.5,491.2,165386.0,8119483.9,53602.0,34114.0,3471.0
2021-11-24 00:00:00,523.1,513.4,518.9,506.7,187089.0,9471869.0,55362.0,35050.0,3421.0
2021-11-25 00:00:00,511.1,509.1,524.9,511.4,120694.0,6169664.16,50296.0,32243.0,1161.0
2021-11-26 00:00:00,502.0,496.3,498.6,504.5,122647.0,6176895.84,52418.0,31261.0,1161.0
2021-11-29 00:00:00,495.0,473.6,491.1,474.5,323784.0,15342671.49,55692.0,30055.0,1161.0
2021-11-30 00:00:00,456.8,447.8,457.2,465.9,314077.0,14608933.72,61270.0,30848.0,1161.0
2021-12-01 00:00:00,451.4,451.4,444.7,444.7,333901.0,14847329.34,59525.0,28383.0,28383.0
2021-12-02 00:00:00,441.1,441.1,445.2,445.2,292291.0,12998962.11,60924.0,28834.0,28834.0
2021-12-03 00:00:00,446.7,446.7,435.6,435.6,397304.0,17293482.94,62512.0,29333.0,29333.0
2021-12-06 00:00:00,451.2,451.2,450.9,450.9,264847.0,11921576.82,61564.0,26588.0,26588.0
2021-12-07 00:00:00,463.8,463.8,456.5,456.5,208253.0,9498986.95,61961.0,25154.0,25154.0
2021-12-08 00:00:00,473.4,473.4,473.4,473.4,217151.0,10254396.09,62223.0,22161.0,22161.0
2021-12-09 00:00:00,477.7,477.7,475.4,475.4,182389.0,8650145.53,60466.0,19033.0,19033.0
2021-12-10 00:00:00,465.0,465.0,472.4,472.4,196732.0,9256448.1,59414.0,14144.0,14144.0
2021-12-13 00:00:00,486.0,486.0,475.1,475.1,206014.0,9773496.2,57927.0,6948.0,6948.0
2021-12-14 00:00:00,468.9,469.0,473.7,469.4,202827.0,9520775.21,53252.0,35946.0,1114.0
2021-12-15 00:00:00,462.2,460.0,460.2,461.8,221323.0,10217432.38,56413.0,39154.0,508.0
2021-12-16 00:00:00,476.0,470.5,465.5,463.5,193641.0,8973908.52,53872.0,36162.0,71.0
2021-12-17 00:00:00,479.3,469.2,477.9,470.4,170067.0,7994365.4,54731.0,37047.0,43.0
2021-12-20 00:00:00,447.5,450.5,459.8,460.8,237966.0,10955728.2,57077.0,38995.0,14.0
2021-12-21 00:00:00,455.0,454.4,454.7,446.9,242656.0,10842541.18,56319.0,37715.0,1.0
2021-12-22 00:00:00,462.0,465.6,458.3,462.4,196537.0,9084915.12,56496.0,37120.0,0.0
2021-12-23 00:00:00,458.3,472.6,458.3,469.0,157269.0,7372157.83,58197.0,38068.0,0.0
2021-12-24 00:00:00,478.6,478.6,474.9,474.9,130128.0,6175874.14,61163.0,39194.0,39194.0
2021-12-27 00:00:00,472.9,472.9,475.6,475.6,111456.0,5296995.02,62040.0,38552.0,38552.0
2021-12-28 00:00:00,494.0,494.0,486.1,486.1,197604.0,9598590.91,70271.0,43804.0,43804.0
2021-12-29 00:00:00,493.4,493.4,493.0,493.0,187267.0,9221022.22,70386.0,39188.0,39188.0
2021-12-30 00:00:00,498.6,498.6,494.3,494.3,226469.0,11182042.3,69748.0,35976.0,35976.0
2021-12-31 00:00:00,499.0,499.0,496.7,496.7,176035.0,8732970.03,67512.0,32206.0,32206.0
2022-01-04 00:00:00,494.1,494.1,494.1,494.1,67841.0,3346239.39,64796.0,30206.0,30206.0
2022-01-05 00:00:00,502.8,502.8,500.9,500.9,182269.0,9117273.35,67187.0,30763.0,30763.0
2022-01-06 00:00:00,501.0,501.0,504.9,504.9,166658.0,8396023.09,67872.0,28042.0,28042.0
2022-01-07 00:00:00,519.4,519.4,515.7,515.7,197648.0,10176460.89,73193.0,24669.0,24669.0
2022-01-10 00:00:00,512.0,512.0,511.6,511.6,179382.0,9159056.53,67713.0,14844.0,14844.0
2022-01-11 00:00:00,504.6,504.6,509.1,509.1,148909.0,7545579.96,66381.0,8209.0,8209.0
2022-01-12 00:00:00,520.2,518.4,515.1,514.7,180858.0,9304753.15,68827.0,45356.0,5167.0
2022-01-13 00:00:00,530.3,524.1,525.0,523.8,139975.0,7325686.35,71703.0,47714.0,4316.0
2022-01-14 00:00:00,531.4,527.0,533.4,525.1,144998.0,7605827.24,76484.0,51791.0,3523.0
2022-01-17 00:00:00,541.0,534.8,542.1,530.4,185355.0,9824764.31,74304.0,51570.0,207.0
2022-01-18 00:00:00,543.6,543.4,542.3,536.3,126166.0,6758611.44,80228.0,56034.0,15.0
2022-01-19 00:00:00,547.0,544.6,545.3,544.7,193040.0,10502629.94,79495.0,53224.0,12.0
2022-01-20 00:00:00,546.6,545.4,539.4,546.4,167990.0,9166608.75,81422.0,53696.0,1.0
2022-01-21 00:00:00,533.5,536.4,533.7,540.0,214879.0,11583902.41,79632.0,51447.0,0.0
2022-01-24 00:00:00,543.8,543.8,540.5,540.5,192292.0,10383248.3,77899.0,49769.0,49769.0
2022-01-25 00:00:00,533.8,533.8,529.9,529.9,280833.0,14871670.99,74103.0,45387.0,45387.0
2022-01-26 00:00:00,539.1,539.1,533.6,533.6,189692.0,10111398.24,67200.0,36250.0,36250.0
2022-01-27 00:00:00,542.6,542.6,545.6,545.6,163659.0,8913073.04,67457.0,33647.0,33647.0
2022-01-28 00:00:00,534.5,534.5,542.4,542.4,181756.0,9853538.59,61565.0,26406.0,26406.0
2022-02-07 00:00:00,566.9,566.9,566.9,566.9,73504.0,4167055.31,69112.0,28773.0,28773.0
2022-02-08 00:00:00,558.4,558.4,558.7,558.7,150652.0,8431601.21,72688.0,27237.0,27237.0
2022-02-09 00:00:00,544.4,544.4,547.7,547.7,161718.0,8882699.25,72939.0,23375.0,23375.0
2022-02-10 00:00:00,549.7,549.7,548.9,548.9,153268.0,8441362.95,73576.0,21494.0,21494.0
2022-02-11 00:00:00,546.1,546.1,553.8,553.8,197651.0,10985072.78,73564.0,19384.0,19384.0
2022-02-14 00:00:00,571.5,576.8,561.6,566.7,189913.0,10739680.12,79979.0,45977.0,15287.0
2022-02-15 00:00:00,572.1,577.7,565.1,570.3,183915.0,10471104.34,81733.0,49746.0,11062.0
2022-02-16 00:00:00,556.8,562.1,555.5,560.0,232449.0,12997969.32,79683.0,48488.0,7667.0
2022-02-17 00:00:00,559.9,565.9,561.2,566.1,203599.0,11505031.18,80300.0,49402.0,6378.0
2022-02-18 00:00:00,562.3,567.3,558.9,564.6,233463.0,13163417.23,81320.0,50798.0,5069.0
2022-02-21 00:00:00,564.6,569.5,563.1,565.3,276741.0,15623209.59,81614.0,51239.0,4112.0
2022-02-22 00:00:00,593.5,596.9,582.6,585.0,210323.0,12284624.49,85888.0,54840.0,3887.0
2022-02-23 00:00:00,583.8,590.0,590.3,590.1,207853.0,12240544.42,83291.0,52079.0,3221.0
2022-02-24 00:00:00,616.1,620.8,584.5,601.9,334786.0,20100924.49,84963.0,49643.0,1763.0
2022-02-25 00:00:00,605.1,612.3,609.2,621.8,340195.0,21064833.38,78828.0,42271.0,1741.0
2022-02-28 00:00:00,609.7,621.2,600.5,599.2,326327.0,19493406.83,75117.0,38230.0,1730.0
2022-03-01 00:00:00,622.8,622.8,614.8,614.8,223680.0,13674932.26,75017.0,36771.0,36771.0
2022-03-02 00:00:00,663.9,663.9,648.6,648.6,319533.0,20596272.69,85201.0,42995.0,42995.0
2022-03-03 00:00:00,719.9,719.9,686.8,686.8,302766.0,20653270.55,80224.0,38679.0,38679.0
2022-03-04 00:00:00,693.2,693.2,705.0,705.0,350366.0,24506122.63,77400.0,37148.0,37148.0
2022-03-07 00:00:00,761.4,761.4,712.3,712.3,181022.0,12796387.6,79705.0,38444.0,38444.0
2022-03-08 00:00:00,785.0,785.0,763.9,763.9,387128.0,29329108.05,75485.0,37263.0,37263.0
2022-03-09 00:00:00,806.6,806.6,805.0,805.0,346919.0,27717786.6,75570.0,36586.0,36586.0
2022-03-10 00:00:00,700.3,700.3,742.1,742.1,284127.0,20877066.98,69997.0,34148.0,34148.0
2022-03-11 00:00:00,683.0,683.0,695.2,695.2,379174.0,26219833.92,68348.0,32716.0,32716.0
2022-03-14 00:00:00,683.5,683.5,682.9,682.9,245448.0,16673146.15,63781.0,29469.0,29469.0
2022-03-15 00:00:00,628.1,628.1,646.2,646.2,347818.0,22352843.86,62150.0,28224.0,28224.0
2022-03-16 00:00:00,632.9,632.9,621.0,621.0,328466.0,20381778.82,64872.0,27374.0,27374.0
2022-03-17 00:00:00,619.4,619.4,617.4,617.4,277351.0,17154374.06,62756.0,23523.0,23523.0
2022-03-18 00:00:00,676.0,676.0,654.4,654.4,236066.0,15477229.14,59870.0,18284.0,18284.0
2022-03-21 00:00:00,696.3,676.1,671.3,666.9,239483.0,15961538.19,61191.0,28359.0,14176.0
2022-03-22 00:00:00,735.2,713.0,736.1,701.1,229884.0,16077434.98,64462.0,31434.0,11987.0
2022-03-23 00:00:00,720.0,699.0,722.9,700.0,259598.0,18125290.04,62127.0,30701.0,9722.0
2022-03-24 00:00:00,757.7,723.0,739.0,731.5,255823.0,18647628.99,62071.0,31388.0,7546.0
2022-03-25 00:00:00,746.5,722.6,754.0,723.1,248093.0,17900150.38,56465.0,31079.0,2559.0
2022-03-28 00:00:00,736.0,704.9,735.2,713.7,301991.0,21478458.81,51561.0,27798.0,2471.0
2022-03-29 00:00:00,670.1,677.8,731.6,685.4,284207.0,19418074.63,55415.0,28431.0,1962.0
2022-03-30 00:00:00,682.0,690.7,678.9,662.8,317466.0,20974327.23,55088.0,27135.0,1957.0
2022-03-31 00:00:00,591.0,675.1,591.0,686.5,260729.0,17823423.98,55224.0,25559.0,1956.0
2022-04-01 00:00:00,648.7,648.7,667.3,667.3,286306.0,19050199.2,50244.0,23017.0,23017.0
2022-04-06 00:00:00,677.1,677.1,673.9,673.9,80118.0,5384938.87,53084.0,24435.0,24435.0
2022-04-07 00:00:00,628.7,628.7,646.8,646.8,323835.0,20949855.08,59029.0,28556.0,28556.0
2022-04-08 00:00:00,625.6,625.6,617.5,617.5,294032.0,18185665.34,61607.0,29833.0,29833.0
2022-04-11 00:00:00,624.6,624.6,626.2,626.2,240427.0,15058105.3,59022.0,27104.0,27104.0
2022-04-12 00:00:00,635.4,635.4,617.4,617.4,241223.0,14926837.76,62685.0,27307.0,27307.0
2022-04-13 00:00:00,650.5,650.5,648.9,648.9,218594.0,14195816.58,63278.0,25635.0,25635.0
2022-04-14 00:00:00,666.0,666.0,664.5,664.5,203905.0,13567721.39,62926.0,23878.0,23878.0
2022-04-15 00:00:00,690.2,690.2,676.2,676.2,192622.0,13048434.38,64839.0,21941.0,21941.0
2022-04-18 00:00:00,695.7,695.7,695.0,695.0,146223.0,10182142.68,68364.0,19421.0,19421.0
2022-04-19 00:00:00,693.9,695.9,704.7,702.1,203383.0,14282267.77,63909.0,35010.0,13052.0
2022-04-20 00:00:00,676.5,676.6,676.9,675.0,245790.0,16589247.76,60840.0,32685.0,12133.0
2022-04-21 00:00:00,681.0,682.4,674.0,674.1,246313.0,16604357.71,60946.0,32179.0,12053.0
2022-04-22 00:00:00,672.0,674.0,681.1,680.9,257845.0,17551837.0,61234.0,32082.0,11967.0
2022-04-25 00:00:00,640.3,635.2,656.2,658.5,254713.0,16766093.82,56860.0,30877.0,8030.0
2022-04-26 00:00:00,648.2,642.1,639.2,629.8,249500.0,15725539.46,52778.0,27309.0,6285.0
2022-04-27 00:00:00,663.4,664.7,649.7,655.9,278325.0,18260198.99,54402.0,26676.0,4508.0
2022-04-28 00:00:00,646.8,652.8,661.6,650.7,270176.0,17578677.39,53498.0,25187.0,4498.0
2022-04-29 00:00:00,676.0,673.4,676.7,666.9,233624.0,15588249.51,51237.0,22387.0,4498.0
2022-05-05 00:00:00,693.1,693.1,692.6,692.6,62539.0,4333692.02,50467.0,23251.0,23251.0
2022-05-06 00:00:00,697.7,697.7,697.2,697.2,262752.0,18330233.21,53661.0,23684.0,23684.0
2022-05-09 00:00:00,702.7,702.7,704.8,704.8,282028.0,19880613.47,55102.0,23787.0,23787.0
2022-05-10 00:00:00,657.4,657.4,672.9,672.9,336637.0,22627667.15,57789.0,22658.0,22658.0
2022-05-11 00:00:00,661.2,661.2,655.7,655.7,318093.0,20869478.02,59605.0,22691.0,22691.0
2022-05-12 00:00:00,678.7,678.7,679.1,679.1,296240.0,20108022.86,58684.0,20288.0,20288.0
2022-05-13 00:00:00,690.6,690.6,690.2,690.2,253622.0,17519111.87,60922.0,19037.0,19037.0
2022-05-16 00:00:00,702.5,702.5,704.7,704.7,238158.0,16750971.79,63068.0,18162.0,18162.0
2022-05-17 00:00:00,729.9,729.9,719.3,719.3,234434.0,16823857.71,67641.0,16655.0,16655.0
2022-05-18 00:00:00,711.7,711.7,723.0,723.0,254064.0,18227243.33,63070.0,11876.0,11876.0
2022-05-19 00:00:00,702.0,694.4,701.0,694.6,330132.0,22951238.92,60126.0,32677.0,8662.0
2022-05-20 00:00:00,703.0,697.9,695.1,690.4,296966.0,20493555.48,59782.0,32912.0,7748.0
2022-05-23 00:00:00,709.7,706.0,706.3,700.9,231607.0,16226035.8,61499.0,34102.0,7574.0
2022-05-24 00:00:00,697.1,685.8,695.9,693.9,244361.0,16941924.05,62823.0,34778.0,7484.0
2022-05-25 00:00:00,716.0,709.4,702.9,701.6,244561.0,17146420.56,63423.0,35794.0,6455.0
2022-05-26 00:00:00,723.5,714.9,714.0,708.4,212815.0,15056233.38,61708.0,36310.0,3109.0
2022-05-27 00:00:00,731.3,730.3,740.7,731.3,218057.0,15916633.04,65835.0,38352.0,2804.0
2022-05-30 00:00:00,725.7,734.8,729.1,732.7,199266.0,14578054.65,66657.0,36974.0,2804.0
2022-05-31 00:00:00,763.2,757.2,735.1,745.1,158356.0,11782895.82,70876.0,36732.0,2774.0
2022-06-01 00:00:00,734.9,734.9,742.4,742.4,292845.0,21682289.89,65495.0,33750.0,33750.0
2022-06-02 00:00:00,714.5,714.5,730.1,730.1,267714.0,19485205.0,64831.0,30233.0,30233.0
2022-06-06 00:00:00,750.2,750.2,749.6,749.6,80850.0,6044782.95,68022.0,31614.0,31614.0
2022-06-07 00:00:00,753.9,753.9,747.8,747.8,182217.0,13608026.86,69327.0,32627.0,32627.0
2022-06-08 00:00:00,758.0,758.0,753.1,753.1,210058.0,15797251.41,71203.0,33259.0,33259.0
2022-06-09 00:00:00,770.1,770.1,770.0,770.0,229149.0,17616991.28,74449.0,34291.0,34291.0
2022-06-10 00:00:00,767.9,767.9,770.4,770.4,183590.0,14116166.62,73124.0,32530.0,32530.0
2022-06-13 00:00:00,753.5,753.5,757.0,757.0,281181.0,21250391.47,72985.0,30637.0,30637.0
2022-06-14 00:00:00,774.8,774.8,764.9,764.9,293940.0,22405007.88,75648.0,30927.0,30927.0
2022-06-15 00:00:00,758.0,758.0,773.4,773.4,282381.0,21731225.21,74611.0,28403.0,28403.0
2022-06-16 00:00:00,745.4,745.4,749.3,749.3,285148.0,21289879.91,74685.0,24071.0,24071.0
2022-06-17 00:00:00,738.0,738.0,730.0,730.0,333945.0,24355710.32,73287.0,17438.0,17438.0
2022-06-20 00:00:00,691.5,692.9,710.6,704.6,401279.0,28274798.85,67551.0,36648.0,10921.0
2022-06-21 00:00:00,708.2,708.2,701.2,701.6,194957.0,13660574.93,66626.0,35636.0,10053.0
2022-06-22 00:00:00,682.0,683.9,711.9,704.5,281365.0,19763395.07,71404.0,39152.0,9632.0
2022-06-23 00:00:00,692.4,694.4,683.6,687.9,339273.0,23300764.4,76105.0,40444.0,9369.0
2022-06-24 00:00:00,674.1,675.1,676.4,687.8,355647.0,24411840.0,74444.0,41656.0,3233.0
2022-06-27 00:00:00,695.0,700.5,688.0,692.6,319612.0,22099137.86,71745.0,39533.0,83.0
2022-06-28 00:00:00,720.9,727.6,709.2,710.3,289499.0,20526144.72,72448.0,37218.0,57.0
2022-06-29 00:00:00,720.1,727.7,721.4,728.3,269405.0,19574525.58,68927.0,32812.0,52.0
2022-06-30 00:00:00,720.0,720.6,728.2,734.6,257461.0,18843885.69,67404.0,29260.0,52.0
2022-07-01 00:00:00,696.6,696.6,705.4,705.4,312326.0,21946625.67,67449.0,28440.0,28440.0
2022-07-04 00:00:00,716.9,716.9,710.8,710.8,268423.0,19008147.6,72789.0,31372.0,31372.0
2022-07-05 00:00:00,723.0,723.0,727.0,727.0,182884.0,13227638.0,75924.0,33871.0,33871.0
2022-07-06 00:00:00,676.0,676.0,677.8,677.8,515985.0,34723469.86,81892.0,34498.0,34498.0
2022-07-07 00:00:00,642.3,642.3,645.9,645.9,464234.0,29795559.24,81071.0,33968.0,33968.0
2022-07-08 00:00:00,678.1,678.1,674.8,674.8,362064.0,24238784.87,81967.0,30686.0,30686.0
2022-07-11 00:00:00,680.3,680.3,686.0,686.0,352660.0,23999216.49,82734.0,30455.0,30455.0
2022-07-12 00:00:00,677.4,677.4,679.6,679.6,306098.0,20652993.47,83629.0,29402.0,29402.0
2022-07-13 00:00:00,658.5,658.5,652.1,652.1,354404.0,22876314.63,79929.0,26720.0,26720.0
2022-07-14 00:00:00,650.3,650.3,650.6,650.6,333504.0,21415671.29,83332.0,24691.0,24691.0
2022-07-15 00:00:00,648.0,648.0,637.8,637.8,406356.0,25417562.67,87255.0,22682.0,22682.0
2022-07-18 00:00:00,683.0,683.0,666.8,666.8,361407.0,23378907.52,83491.0,15300.0,15300.0
2022-07-19 00:00:00,704.4,663.1,697.0,666.5,267395.0,17881965.82,82273.0,50389.0,6790.0
2022-07-20 00:00:00,706.0,662.2,702.5,662.1,286861.0,18961781.84,85307.0,52505.0,5288.0
2022-07-21 00:00:00,704.2,659.7,705.2,662.8,245402.0,16236795.04,85921.0,53574.0,3469.0
2022-07-22 00:00:00,705.5,659.9,697.0,651.1,298134.0,19364244.95,84423.0,53878.0,766.0
2022-07-25 00:00:00,684.9,639.6,695.7,652.1,301600.0,19584702.62,84981.0,52738.0,260.0
2022-07-26 00:00:00,676.6,678.5,703.6,660.5,251905.0,16563291.56,89648.0,54265.0,52.0
2022-07-27 00:00:00,650.0,659.9,660.6,666.3,245800.0,16303074.66,83917.0,48354.0,44.0
2022-07-28 00:00:00,676.4,690.7,695.1,674.7,271548.0,18237058.45,83808.0,46082.0,32.0
2022-07-29 00:00:00,695.1,686.6,695.1,682.2,251315.0,17063235.0,81995.0,41643.0,32.0
2022-08-01 00:00:00,692.1,692.1,700.0,700.0,246859.0,17175044.02,77631.0,36729.0,36729.0
2022-08-02 00:00:00,681.0,681.0,673.7,673.7,308018.0,20584074.96,70878.0,32378.0,32378.0
2022-08-03 00:00:00,677.8,677.8,681.0,681.0,262123.0,17738832.15,70999.0,31801.0,31801.0
2022-08-04 00:00:00,657.7,657.7,670.4,670.4,285081.0,18980449.35,71471.0,31642.0,31642.0
2022-08-05 00:00:00,653.0,653.0,650.6,650.6,208246.0,13445733.02,74066.0,31275.0,31275.0
2022-08-08 00:00:00,665.2,665.2,657.9,657.9,228255.0,14855458.39,71935.0,28455.0,28455.0
2022-08-09 00:00:00,671.3,671.3,664.6,664.6,189742.0,12479537.15,75518.0,27586.0,27586.0
2022-08-10 00:00:00,675.5,675.5,677.5,677.5,183150.0,12246885.26,74965.0,25910.0,25910.0
2022-08-11 00:00:00,691.1,691.1,679.3,679.3,223545.0,14958984.44,78298.0,25329.0,25329.0
2022-08-12 00:00:00,703.6,703.6,698.0,698.0,152628.0,10487043.86,80924.0,24611.0,24611.0
2022-08-15 00:00:00,697.2,697.2,695.7,695.7,170320.0,11623480.44,78288.0,21609.0,21609.0
2022-08-16 00:00:00,687.6,687.6,682.9,682.9,190881.0,12663390.28,77091.0,18029.0,18029.0
2022-08-17 00:00:00,693.4,663.4,691.1,662.4,197084.0,13110508.71,78315.0,39577.0,14752.0
2022-08-18 00:00:00,709.5,679.1,697.0,669.9,198107.0,13271641.36,82156.0,44110.0,12704.0
2022-08-19 00:00:00,745.2,692.7,725.9,691.7,196479.0,13562516.17,82844.0,47423.0,8107.0
2022-08-22 00:00:00,740.3,699.3,748.6,702.3,174500.0,12193205.01,81636.0,47340.0,7269.0
2022-08-23 00:00:00,751.0,712.8,745.9,698.8,207142.0,14398324.18,81849.0,47431.0,7037.0
2022-08-24 00:00:00,770.1,734.1,769.9,718.8,193253.0,13778661.02,87801.0,51209.0,6793.0
2022-08-25 00:00:00,788.8,745.2,791.3,739.9,235685.0,17275322.8,86608.0,48421.0,6488.0
2022-08-26 00:00:00,780.0,740.0,786.1,740.3,180374.0,13250143.32,78362.0,44563.0,2051.0
2022-08-29 00:00:00,724.6,729.5,777.2,727.5,228587.0,16463823.69,75266.0,41819.0,48.0
2022-08-30 00:00:00,733.6,736.7,733.7,739.5,172093.0,12555042.95,80534.0,42524.0,40.0
2022-08-31 00:00:00,720.6,716.5,720.9,717.8,190388.0,13515775.1,77301.0,37870.0,39.0
2022-09-01 00:00:00,698.9,698.9,706.1,706.1,202164.0,14082109.22,75634.0,34820.0,34820.0
2022-09-02 00:00:00,695.4,695.4,694.7,694.7,184945.0,12638078.38,77486.0,33785.0,33785.0
2022-09-05 00:00:00,703.9,703.9,695.9,695.9,183998.0,12625236.14,78242.0,32931.0,32931.0
2022-09-06 00:00:00,703.5,703.5,708.0,708.0,136677.0,9503729.22,77239.0,31911.0,31911.0
2022-09-07 00:00:00,684.1,684.1,689.7,689.7,176608.0,11955613.25,74639.0,29007.0,29007.0
2022-09-08 00:00:00,664.9,664.9,675.3,675.3,220285.0,14479326.05,78056.0,25490.0,25490.0
2022-09-09 00:00:00,672.0,672.0,669.2,669.2,184842.0,12015401.57,73882.0,18446.0,18446.0
2022-09-13 00:00:00,703.9,703.9,705.2,705.2,109380.0,7274018.28,63370.0,8123.0,8123.0
2022-09-14 00:00:00,697.4,646.5,691.8,645.0,183077.0,11792364.28,62921.0,36786.0,6428.0
2022-09-15 00:00:00,726.7,675.9,722.6,664.8,222917.0,14744980.54,65896.0,39617.0,5394.0
2022-09-16 00:00:00,713.8,663.5,713.2,666.5,177861.0,11750817.97,61965.0,37385.0,5120.0
2022-09-19 00:00:00,702.6,634.7,706.9,649.4,208488.0,13457794.22,63101.0,38120.0,4684.0
2022-09-20 00:00:00,706.0,642.1,721.7,635.9,156786.0,9914029.07,62469.0,36116.0,4414.0
2022-09-21 00:00:00,673.0,660.0,688.4,642.6,199535.0,12765564.04,62263.0,36030.0,4227.0
2022-09-22 00:00:00,646.9,652.1,644.7,649.3,189742.0,12258205.58,60758.0,33859.0,4214.0
2022-09-23 00:00:00,645.0,651.1,650.7,655.8,169154.0,11038652.49,62144.0,34278.0,4149.0
2022-09-26 00:00:00,610.3,610.3,625.5,625.5,219869.0,13684868.41,65600.0,36910.0,36910.0
2022-09-27 00:00:00,608.8,608.8,612.9,612.9,181858.0,11111587.58,64731.0,34803.0,34803.0
2022-09-28 00:00:00,608.5,608.5,613.1,613.1,180153.0,11009008.08,64807.0,33218.0,33218.0
2022-09-29 00:00:00,630.9,630.9,627.2,627.2,176500.0,11035416.54,59948.0,28137.0,28137.0
